Epoch,Batch,Batch_Loss
1,1,0.7250173687934875
1,2,0.6611741781234741
1,3,0.718944787979126
1,4,0.6839206218719482
1,5,0.7170710563659668
1,6,0.6966511011123657
1,7,0.7249971628189087
1,8,0.6915075182914734
1,9,0.6865298748016357
1,10,0.7363998889923096
1,11,0.6977214813232422
1,12,0.6855647563934326
1,13,0.7086001038551331
1,14,0.7001837491989136
1,15,0.67893385887146
1,16,0.6865975856781006
1,17,0.6890543699264526
1,18,0.7394533157348633
1,19,0.6711384057998657
1,20,0.6974284648895264
1,21,0.7091755270957947
1,22,0.6870160102844238
1,23,0.7160118222236633
1,24,0.7005871534347534
1,25,0.6914763450622559
1,26,0.6723800301551819
1,27,0.685126006603241
1,28,0.7628827095031738
1,29,0.6728046536445618
1,30,0.674716591835022
1,31,0.7285821437835693
1,32,0.7067185640335083
1,33,0.6780678629875183
1,34,0.7076578140258789
1,35,0.6922680139541626
1,36,0.7103981375694275
1,37,0.6679389476776123
1,38,0.7327867150306702
1,39,0.699486255645752
1,40,0.6634979248046875
1,41,0.6927697062492371
1,42,0.7113311290740967
1,43,0.6816033720970154
1,44,0.7486821413040161
1,45,0.6864900588989258
1,46,0.7237731218338013
1,47,0.6913573741912842
1,48,0.6665815114974976
1,49,0.7123668789863586
1,50,0.7043445110321045
1,51,0.7240250110626221
1,52,0.6698607802391052
1,53,0.7169832587242126
1,54,0.705703616142273
1,55,0.6980617642402649
1,56,0.7158183455467224
1,57,0.6576412916183472
1,58,0.6608496308326721
1,59,0.7306749224662781
1,60,0.6925343871116638
1,61,0.7564864158630371
1,62,0.7060452103614807
1,63,0.6830095052719116
1,64,0.720779299736023
1,65,0.6813833713531494
1,66,0.7243062257766724
1,67,0.7173655033111572
1,68,0.7268228530883789
1,69,0.7055279016494751
1,70,0.7117711901664734
1,71,0.7370569705963135
1,72,0.6875505447387695
1,73,0.709392786026001
1,74,0.71547931432724
1,75,0.6938483119010925
1,76,0.7038626670837402
1,77,0.6790592670440674
1,78,0.7122887372970581
1,79,0.6892527341842651
1,80,0.697625458240509
1,81,0.675495982170105
1,82,0.6907596588134766
1,83,0.7022582292556763
1,84,0.6815924644470215
1,85,0.696355402469635
1,86,0.7083780765533447
1,87,0.6946787238121033
1,88,0.708687424659729
1,89,0.6757392883300781
1,90,0.694324791431427
1,91,0.7262516021728516
1,92,0.6811850666999817
1,93,0.6948347687721252
1,94,0.7232136726379395
1,95,0.6992812752723694
1,96,0.6412777304649353
1,97,0.6877039074897766
1,98,0.6814752817153931
1,99,0.7459813952445984
1,100,0.7201440334320068
1,101,0.7252552509307861
1,102,0.7218033671379089
1,103,0.686751663684845
1,104,0.6718668937683105
1,105,0.6880835294723511
1,106,0.7101083397865295
1,107,0.7193557620048523
1,108,0.6967989206314087
1,109,0.7184152007102966
1,110,0.7126660943031311
1,111,0.7056832313537598
1,112,0.7324636578559875
1,113,0.7100944519042969
1,114,0.6974136233329773
1,115,0.6686652302742004
1,116,0.6741453409194946
1,117,0.7101913690567017
1,118,0.6646294593811035
1,119,0.6872739791870117
1,120,0.6715669631958008
1,121,0.6895231008529663
1,122,0.6848397254943848
1,123,0.6911810636520386
1,124,0.6903053522109985
1,125,0.6662484407424927
1,126,0.7200555801391602
1,127,0.6814836263656616
1,128,0.74241042137146
1,129,0.6708373427391052
1,130,0.726024866104126
1,131,0.695500373840332
1,132,0.6772077083587646
1,133,0.6914331912994385
1,134,0.6954991817474365
1,135,0.7339352965354919
1,136,0.7002474665641785
1,137,0.7212300300598145
1,138,0.728385329246521
1,139,0.6962748169898987
1,140,0.6908209919929504
1,141,0.7239930033683777
1,142,0.7269883155822754
1,143,0.6982988715171814
1,144,0.6894960403442383
1,145,0.6908612251281738
1,146,0.7123368978500366
1,147,0.7103967070579529
1,148,0.689025342464447
1,149,0.7017822265625
1,150,0.6758126020431519
1,151,0.7039201259613037
1,152,0.6833404898643494
1,153,0.6909911036491394
1,154,0.6694742441177368
1,155,0.6961148977279663
1,156,0.666738748550415
1,157,0.7038164138793945
1,158,0.7243660688400269
1,159,0.7049304842948914
1,160,0.6624047756195068
1,161,0.6931257247924805
1,162,0.6836546659469604
1,163,0.6871902942657471
1,164,0.7005824446678162
1,165,0.7227950096130371
1,166,0.7079846858978271
1,167,0.6606799960136414
1,168,0.7140798568725586
1,169,0.696235179901123
1,170,0.7214736342430115
1,171,0.6594985723495483
1,172,0.673993706703186
1,173,0.6960803270339966
1,174,0.6812910437583923
1,175,0.6792112588882446
1,176,0.6765128374099731
1,177,0.7253530025482178
1,178,0.6997262239456177
1,179,0.7052021026611328
1,180,0.6800220608711243
1,181,0.717118501663208
1,182,0.6571450233459473
1,183,0.6912152171134949
1,184,0.6791813373565674
1,185,0.6861251592636108
1,186,0.7207843661308289
1,187,0.7067388892173767
1,188,0.6991506814956665
1,189,0.7063316106796265
1,190,0.682274580001831
1,191,0.7041876316070557
1,192,0.709192156791687
1,193,0.6843854188919067
1,194,0.6978847980499268
1,195,0.7157841920852661
1,196,0.6941205263137817
1,197,0.7197933197021484
1,198,0.6970165967941284
1,199,0.6874029636383057
1,200,0.7066128849983215
1,201,0.6860637664794922
1,202,0.6834850311279297
1,203,0.70536869764328
1,204,0.7144515514373779
1,205,0.6825422644615173
1,206,0.7072864174842834
1,207,0.7067146301269531
1,208,0.6849002242088318
1,209,0.7090713977813721
1,210,0.6672185063362122
1,211,0.7051867246627808
1,212,0.6927353143692017
1,213,0.6586902141571045
1,214,0.6916335821151733
1,215,0.715308427810669
1,216,0.6938109397888184
1,217,0.6761887073516846
1,218,0.7093234658241272
1,219,0.7247190475463867
1,220,0.7347040176391602
1,221,0.6641466021537781
1,222,0.7134208083152771
1,223,0.7033641338348389
1,224,0.7312312126159668
1,225,0.6919776201248169
1,226,0.7174734473228455
1,227,0.6906185150146484
1,228,0.7217824459075928
1,229,0.686802864074707
1,230,0.7003709673881531
1,231,0.7002727389335632
1,232,0.6964544057846069
1,233,0.64996737241745
1,234,0.6941847801208496
1,235,0.6837326288223267
1,236,0.7128592729568481
1,237,0.7099764347076416
1,238,0.7033438682556152
1,239,0.6986199021339417
1,240,0.6740115880966187
1,241,0.7060284614562988
1,242,0.656037449836731
1,243,0.681979775428772
1,244,0.6995325684547424
1,245,0.7039995193481445
1,246,0.6988569498062134
1,247,0.6692244410514832
1,248,0.7144166231155396
1,249,0.7106881141662598
1,250,0.7225018739700317
1,251,0.7195359468460083
1,252,0.7177121639251709
1,253,0.7126753330230713
1,254,0.6806544661521912
1,255,0.6893311738967896
1,256,0.6650304794311523
1,257,0.6938275694847107
1,258,0.7294524908065796
1,259,0.6967346668243408
1,260,0.6699308156967163
1,261,0.6627368927001953
1,262,0.6720132827758789
1,263,0.665095865726471
1,264,0.6915056705474854
1,265,0.6996846795082092
1,266,0.6614793539047241
1,267,0.6666837334632874
1,268,0.7033315896987915
1,269,0.6891920566558838
1,270,0.7003805637359619
1,271,0.7139319181442261
1,272,0.7052406072616577
1,273,0.7279321551322937
1,274,0.6889867186546326
1,275,0.6988844871520996
1,276,0.697909414768219
1,277,0.6803684234619141
1,278,0.7077497243881226
1,279,0.6913503408432007
1,280,0.7013211846351624
1,281,0.7211388945579529
1,282,0.7161375284194946
1,283,0.6879119873046875
1,284,0.6784565448760986
1,285,0.7014799118041992
1,286,0.6874285936355591
1,287,0.6724891662597656
1,288,0.7200806140899658
1,289,0.6568243503570557
1,290,0.7137802839279175
1,291,0.692284345626831
1,292,0.6911928653717041
1,293,0.708694577217102
1,294,0.7074421644210815
1,295,0.6700977087020874
1,296,0.7069949507713318
1,297,0.6974201202392578
1,298,0.6983704566955566
1,299,0.7093390822410583
1,300,0.6674535870552063
1,301,0.6933423280715942
1,302,0.6973397731781006
1,303,0.6808979511260986
1,304,0.7217303514480591
1,305,0.668642520904541
1,306,0.692883312702179
1,307,0.6996608972549438
1,308,0.7053881287574768
1,309,0.6877491474151611
1,310,0.7013736367225647
1,311,0.7065289616584778
1,312,0.7042914628982544
1,313,0.7126239538192749
1,314,0.7315218448638916
1,315,0.6889479160308838
1,316,0.7030985355377197
1,317,0.6868205070495605
1,318,0.7187438011169434
1,319,0.7295928001403809
1,320,0.6700731515884399
1,321,0.707007884979248
1,322,0.7090590596199036
1,323,0.7078242897987366
1,324,0.7061789631843567
1,325,0.7114952802658081
1,326,0.6872398257255554
1,327,0.7038826942443848
1,328,0.6988654136657715
1,329,0.702580451965332
1,330,0.7320351600646973
1,331,0.7181330919265747
1,332,0.7057360410690308
1,333,0.7164322137832642
1,334,0.6863285303115845
1,335,0.7008976340293884
1,336,0.712691068649292
1,337,0.7086665034294128
1,338,0.692069947719574
1,339,0.6799366474151611
1,340,0.6841586232185364
1,341,0.7059257626533508
1,342,0.7103010416030884
1,343,0.695576012134552
1,344,0.7161542177200317
1,345,0.6787445545196533
1,346,0.6963514685630798
1,347,0.7162426710128784
1,348,0.6756058931350708
1,349,0.698322594165802
1,350,0.6814066767692566
1,351,0.7054774761199951
1,352,0.6894230842590332
1,353,0.6982842087745667
1,354,0.7070826888084412
1,355,0.713431715965271
1,356,0.7245891094207764
1,357,0.7113161683082581
1,358,0.6649724245071411
1,359,0.7246869206428528
1,360,0.6805405616760254
1,361,0.734950065612793
1,362,0.6927756071090698
1,363,0.7011466026306152
1,364,0.6748714447021484
1,365,0.688948929309845
1,366,0.723351240158081
1,367,0.7025849223136902
1,368,0.7398778796195984
1,369,0.73187655210495
1,370,0.6620044112205505
1,371,0.6813515424728394
1,372,0.6827300190925598
1,373,0.6814176440238953
1,374,0.6903319954872131
1,375,0.6914277672767639
1,376,0.6590115427970886
1,377,0.694389283657074
1,378,0.7051656246185303
1,379,0.7115051746368408
1,380,0.6978000402450562
1,381,0.6999598741531372
1,382,0.700823187828064
1,383,0.669507622718811
1,384,0.6866061091423035
1,385,0.7116470336914062
1,386,0.715048611164093
1,387,0.6798623204231262
1,388,0.7084981203079224
1,389,0.6989148259162903
1,390,0.673777163028717
1,391,0.6619260311126709
1,392,0.7004982233047485
1,393,0.6937513947486877
1,394,0.7236826419830322
1,395,0.6930488348007202
1,396,0.7330244779586792
1,397,0.7071312665939331
1,398,0.7012868523597717
1,399,0.6931852698326111
1,400,0.710881769657135
1,401,0.6924678683280945
1,402,0.6900960206985474
1,403,0.6836366653442383
1,404,0.6751195192337036
1,405,0.6850548982620239
1,406,0.6910112500190735
1,407,0.710545539855957
1,408,0.7136074304580688
1,409,0.6692829132080078
1,410,0.6850841045379639
1,411,0.6935302019119263
1,412,0.7060060501098633
1,413,0.6971955299377441
1,414,0.6938192248344421
1,415,0.7029478549957275
1,416,0.7190514802932739
1,417,0.6930198669433594
1,418,0.7149714231491089
1,419,0.6853247284889221
1,420,0.7155973315238953
1,421,0.7335323095321655
1,422,0.6849361062049866
1,423,0.7015821933746338
1,424,0.6877816319465637
1,425,0.6779513955116272
1,426,0.698598325252533
1,427,0.7261388301849365
1,428,0.7018307447433472
1,429,0.7175352573394775
1,430,0.7308682203292847
1,431,0.7104384303092957
1,432,0.7072876691818237
1,433,0.6958698034286499
1,434,0.7243191003799438
1,435,0.6671823263168335
1,436,0.706207811832428
1,437,0.7039395570755005
1,438,0.7094137668609619
1,439,0.7159751057624817
1,440,0.6987752914428711
1,441,0.6741440892219543
1,442,0.7089062333106995
1,443,0.6640074849128723
1,444,0.67479407787323
1,445,0.7157132625579834
1,446,0.6514135599136353
1,447,0.7166574597358704
1,448,0.7000118494033813
1,449,0.6991591453552246
1,450,0.7016347646713257
1,451,0.6891478300094604
1,452,0.6989914178848267
1,453,0.6998281478881836
1,454,0.6798191666603088
1,455,0.6819822788238525
1,456,0.687196671962738
1,457,0.6789331436157227
1,458,0.7137517929077148
1,459,0.7320882678031921
1,460,0.6871656179428101
1,461,0.7007572650909424
1,462,0.6796652674674988
1,463,0.6968751549720764
1,464,0.6967151761054993
1,465,0.71294105052948
1,466,0.6833450794219971
1,467,0.6889573335647583
1,468,0.7198952436447144
1,469,0.7087348699569702
1,470,0.693282961845398
1,471,0.7043902277946472
1,472,0.6995689868927002
1,473,0.7069844603538513
1,474,0.7142026424407959
1,475,0.6843314170837402
1,476,0.7158504724502563
1,477,0.6955057978630066
1,478,0.6852966547012329
1,479,0.6960722208023071
1,480,0.7237113118171692
1,481,0.7194602489471436
1,482,0.6777684688568115
1,483,0.6899789571762085
1,484,0.6976770162582397
1,485,0.7072836756706238
1,486,0.7034680843353271
1,487,0.6997570395469666
1,488,0.6959947347640991
1,489,0.6857035160064697
1,490,0.6903656125068665
1,491,0.7050859928131104
1,492,0.6684741973876953
1,493,0.6823717355728149
1,494,0.6712801456451416
1,495,0.7269917726516724
1,496,0.6961803436279297
1,497,0.704827606678009
1,498,0.6897106170654297
1,499,0.6926645040512085
1,500,0.6799163818359375
1,501,0.6983944773674011
1,502,0.7176066637039185
1,503,0.6897716522216797
1,504,0.6743162870407104
1,505,0.6912384033203125
1,506,0.7143677473068237
1,507,0.6752067804336548
1,508,0.7090238332748413
1,509,0.6998533010482788
1,510,0.699249267578125
1,511,0.7011227607727051
1,512,0.7040449380874634
1,513,0.7204083204269409
1,514,0.7096629738807678
1,515,0.6880264282226562
1,516,0.7040115594863892
1,517,0.7124414443969727
1,518,0.6900361180305481
1,519,0.717556357383728
1,520,0.682704508304596
1,521,0.7000880837440491
1,522,0.7273003458976746
1,523,0.7050490379333496
1,524,0.695487380027771
1,525,0.7060161232948303
1,526,0.6957123279571533
1,527,0.7252104878425598
1,528,0.6823446750640869
1,529,0.6893818378448486
1,530,0.6837310791015625
1,531,0.6903023719787598
1,532,0.6973190903663635
1,533,0.7013214230537415
1,534,0.7083051800727844
1,535,0.7163575887680054
1,536,0.6832102537155151
1,537,0.7156341075897217
1,538,0.6785165667533875
1,539,0.7259028553962708
1,540,0.7060311436653137
1,541,0.6986538767814636
1,542,0.7074100971221924
1,543,0.682807981967926
1,544,0.7025051116943359
1,545,0.6760911345481873
1,546,0.6945688724517822
1,547,0.6880091428756714
1,548,0.7188729047775269
1,549,0.6693829894065857
1,550,0.7016383409500122
1,551,0.6813686490058899
1,552,0.6856529712677002
1,553,0.6947238445281982
1,554,0.6984833478927612
1,555,0.6751307845115662
1,556,0.7172806859016418
1,557,0.6794421672821045
1,558,0.7100171446800232
1,559,0.6975723505020142
1,560,0.7012825012207031
1,561,0.7114686965942383
1,562,0.6827219724655151
1,563,0.7000370025634766
1,564,0.6784687042236328
1,565,0.7047349214553833
1,566,0.6818374395370483
1,567,0.7151603102684021
1,568,0.673988938331604
1,569,0.694121241569519
1,570,0.6651793718338013
1,571,0.7031762599945068
1,572,0.6671175956726074
1,573,0.6701549291610718
1,574,0.6854634881019592
1,575,0.7145503163337708
1,576,0.67673259973526
1,577,0.6886942386627197
1,578,0.7024588584899902
1,579,0.7048875093460083
1,580,0.694159209728241
1,581,0.7060011625289917
1,582,0.7053459882736206
1,583,0.6966733932495117
1,584,0.6768226623535156
1,585,0.7013062834739685
1,586,0.6707960367202759
1,587,0.6840744614601135
1,588,0.6571779847145081
1,589,0.7003353834152222
1,590,0.6832112669944763
1,591,0.677562415599823
1,592,0.6891288757324219
1,593,0.7031481266021729
1,594,0.7014774084091187
1,595,0.690578281879425
1,596,0.7138622403144836
1,597,0.7029143571853638
1,598,0.6881331205368042
1,599,0.6822983026504517
1,600,0.6955365538597107
1,601,0.7049540281295776
1,602,0.705917239189148
1,603,0.7040328979492188
1,604,0.6567249894142151
1,605,0.6844320893287659
1,606,0.6995803713798523
1,607,0.669757068157196
1,608,0.7172120809555054
1,609,0.6864762306213379
1,610,0.6863827705383301
1,611,0.6860082149505615
1,612,0.6769657731056213
1,613,0.7023531794548035
1,614,0.693622887134552
1,615,0.6911143660545349
1,616,0.6934623718261719
1,617,0.692398190498352
1,618,0.7112411260604858
1,619,0.692107081413269
1,620,0.6996432542800903
1,621,0.6960350275039673
1,622,0.6929939389228821
1,623,0.7137597799301147
1,624,0.6854185461997986
1,625,0.7002372145652771
1,626,0.7007737159729004
1,627,0.6928784847259521
1,628,0.6984915137290955
1,629,0.7035762667655945
1,630,0.6909769773483276
1,631,0.685198962688446
1,632,0.7020754218101501
1,633,0.7002647519111633
1,634,0.6854713559150696
1,635,0.6669509410858154
1,636,0.6896610260009766
1,637,0.685359001159668
1,638,0.670047402381897
1,639,0.7103344798088074
1,640,0.7244704365730286
1,641,0.6910824179649353
1,642,0.6660321950912476
1,643,0.6932055950164795
1,644,0.6875348091125488
1,645,0.6938360929489136
1,646,0.6952214241027832
1,647,0.6982448101043701
1,648,0.6985859870910645
1,649,0.7197755575180054
1,650,0.704700231552124
1,651,0.7018663883209229
1,652,0.6872333288192749
1,653,0.6935976147651672
1,654,0.6758108139038086
1,655,0.6835083961486816
1,656,0.6835272312164307
1,657,0.6850874423980713
1,658,0.7027385830879211
1,659,0.6978231072425842
1,660,0.6905270218849182
1,661,0.6892306804656982
1,662,0.7099457383155823
1,663,0.6753159165382385
1,664,0.6838901042938232
1,665,0.6735360622406006
1,666,0.694902241230011
1,667,0.6891838908195496
1,668,0.7098082900047302
1,669,0.7070173025131226
1,670,0.6990654468536377
1,671,0.6958894729614258
1,672,0.7132364511489868
1,673,0.7184677124023438
1,674,0.6947138905525208
1,675,0.6845922470092773
1,676,0.7056049704551697
1,677,0.7022526264190674
1,678,0.7038057446479797
1,679,0.6735489964485168
1,680,0.70032799243927
1,681,0.6781821250915527
1,682,0.7261818647384644
1,683,0.7219829559326172
1,684,0.698068380355835
1,685,0.6870602369308472
1,686,0.7004842162132263
1,687,0.7110702991485596
1,688,0.7225852012634277
1,689,0.6992502212524414
1,690,0.6838197112083435
1,691,0.7103836536407471
1,692,0.6864516139030457
1,693,0.7157108783721924
1,694,0.6779988408088684
1,695,0.7122907638549805
1,696,0.6937947273254395
1,697,0.7058929204940796
1,698,0.696722149848938
1,699,0.7062394618988037
1,700,0.678077220916748
1,701,0.6904908418655396
1,702,0.6903616786003113
1,703,0.6869257688522339
1,704,0.669471263885498
1,705,0.6868395209312439
1,706,0.7035492658615112
1,707,0.6935955882072449
1,708,0.7065157294273376
1,709,0.6810522079467773
1,710,0.6945557594299316
1,711,0.7160873413085938
1,712,0.7000553011894226
1,713,0.6934593915939331
1,714,0.68928062915802
1,715,0.7052552700042725
1,716,0.7008588314056396
1,717,0.7051519751548767
1,718,0.6770266890525818
1,719,0.6852490305900574
1,720,0.6892064809799194
1,721,0.710841953754425
1,722,0.667450487613678
1,723,0.6983175277709961
1,724,0.6961682438850403
1,725,0.6967772245407104
1,726,0.7060256004333496
1,727,0.6944469213485718
1,728,0.6913307309150696
1,729,0.6887310743331909
1,730,0.6852362155914307
1,731,0.7138171195983887
1,732,0.6868677139282227
1,733,0.6936067938804626
1,734,0.6995256543159485
1,735,0.6915464401245117
1,736,0.6949030160903931
1,737,0.7117913961410522
1,738,0.7145500183105469
1,739,0.6872848272323608
1,740,0.7050315737724304
1,741,0.688132643699646
1,742,0.6655203104019165
1,743,0.6943703889846802
1,744,0.6855246424674988
1,745,0.6896385550498962
1,746,0.6842842698097229
1,747,0.6854832172393799
1,748,0.6927704811096191
1,749,0.6958374977111816
1,750,0.6930527687072754
1,751,0.6810216903686523
1,752,0.7098203897476196
1,753,0.6971990466117859
1,754,0.6823657751083374
1,755,0.7007415294647217
1,756,0.6814937591552734
1,757,0.6690772175788879
1,758,0.6896450519561768
1,759,0.6734153032302856
1,760,0.6926528811454773
1,761,0.6826999187469482
1,762,0.7149144411087036
1,763,0.6974292993545532
1,764,0.7074350714683533
1,765,0.6717289090156555
1,766,0.7029055953025818
1,767,0.7065869569778442
1,768,0.7048273086547852
1,769,0.6926831603050232
1,770,0.6948931217193604
1,771,0.7040865421295166
1,772,0.703302264213562
1,773,0.697458028793335
1,774,0.6889854073524475
1,775,0.6781545877456665
1,776,0.6892006993293762
1,777,0.672356128692627
1,778,0.6669678688049316
1,779,0.6823655962944031
1,780,0.7136998176574707
1,781,0.7018830180168152
1,782,0.7010897397994995
2,1,0.7071880102157593
2,2,0.6824361681938171
2,3,0.7014586925506592
2,4,0.6971416473388672
2,5,0.6709761619567871
2,6,0.6910189986228943
2,7,0.7046748399734497
2,8,0.6956700086593628
2,9,0.701912522315979
2,10,0.6820676922798157
2,11,0.714080274105072
2,12,0.7148177623748779
2,13,0.6926442384719849
2,14,0.6867351531982422
2,15,0.6838019490242004
2,16,0.7091527581214905
2,17,0.6830230355262756
2,18,0.6901605129241943
2,19,0.6837732195854187
2,20,0.6660441160202026
2,21,0.6898996233940125
2,22,0.7154419422149658
2,23,0.6996921300888062
2,24,0.7263715863227844
2,25,0.6951899528503418
2,26,0.6789395213127136
2,27,0.6793195605278015
2,28,0.7006791830062866
2,29,0.6826921701431274
2,30,0.6697741746902466
2,31,0.7274389863014221
2,32,0.6986402869224548
2,33,0.7134089469909668
2,34,0.6594072580337524
2,35,0.7212991714477539
2,36,0.6971567869186401
2,37,0.6928005218505859
2,38,0.7075319290161133
2,39,0.697008490562439
2,40,0.6939455270767212
2,41,0.706909716129303
2,42,0.6853232383728027
2,43,0.6628775000572205
2,44,0.6996033191680908
2,45,0.7155696749687195
2,46,0.686317503452301
2,47,0.7196031808853149
2,48,0.6836685538291931
2,49,0.7174780368804932
2,50,0.6998965740203857
2,51,0.7326017618179321
2,52,0.7049235105514526
2,53,0.6819826364517212
2,54,0.6925007104873657
2,55,0.6865065097808838
2,56,0.6956422328948975
2,57,0.7308448553085327
2,58,0.6838685274124146
2,59,0.719561755657196
2,60,0.6792923808097839
2,61,0.6929227709770203
2,62,0.6733864545822144
2,63,0.6725908517837524
2,64,0.6792041659355164
2,65,0.6730064153671265
2,66,0.6938318014144897
2,67,0.6975703239440918
2,68,0.703934371471405
2,69,0.7119249701499939
2,70,0.7022279500961304
2,71,0.6855746507644653
2,72,0.679545521736145
2,73,0.7090276479721069
2,74,0.692704439163208
2,75,0.7041395902633667
2,76,0.6887789368629456
2,77,0.7074931859970093
2,78,0.7036021947860718
2,79,0.673804759979248
2,80,0.7131469249725342
2,81,0.6839513778686523
2,82,0.7032338976860046
2,83,0.6954400539398193
2,84,0.6941888332366943
2,85,0.6845669746398926
2,86,0.6900056600570679
2,87,0.7068039774894714
2,88,0.6935991048812866
2,89,0.6993145942687988
2,90,0.7100464701652527
2,91,0.7079263925552368
2,92,0.6906421184539795
2,93,0.7105423212051392
2,94,0.6627097725868225
2,95,0.6901324987411499
2,96,0.6708763837814331
2,97,0.6969687938690186
2,98,0.6865320205688477
2,99,0.7147917747497559
2,100,0.6801615953445435
2,101,0.7070609331130981
2,102,0.6933523416519165
2,103,0.6885111927986145
2,104,0.7018406391143799
2,105,0.6904752850532532
2,106,0.7108058929443359
2,107,0.6749656200408936
2,108,0.7135351300239563
2,109,0.6636857986450195
2,110,0.6764093637466431
2,111,0.6888586282730103
2,112,0.6930177807807922
2,113,0.7172553539276123
2,114,0.6791853904724121
2,115,0.6982101202011108
2,116,0.701540470123291
2,117,0.695456326007843
2,118,0.6879730224609375
2,119,0.7070173025131226
2,120,0.6981456875801086
2,121,0.6930938959121704
2,122,0.6797777414321899
2,123,0.6949319839477539
2,124,0.6886878609657288
2,125,0.6865532398223877
2,126,0.6793944835662842
2,127,0.6946125030517578
2,128,0.6748795509338379
2,129,0.6979354619979858
2,130,0.6843436360359192
2,131,0.6786270141601562
2,132,0.6880673170089722
2,133,0.7089916467666626
2,134,0.6893695592880249
2,135,0.7104528546333313
2,136,0.68448805809021
2,137,0.7062007188796997
2,138,0.7161766290664673
2,139,0.6964155435562134
2,140,0.665645956993103
2,141,0.7003262042999268
2,142,0.6807288527488708
2,143,0.6944978833198547
2,144,0.6847097873687744
2,145,0.7162796258926392
2,146,0.688960075378418
2,147,0.6813463568687439
2,148,0.6871439814567566
2,149,0.6942665576934814
2,150,0.6850550770759583
2,151,0.6772016286849976
2,152,0.7046495079994202
2,153,0.697968602180481
2,154,0.6923462152481079
2,155,0.7019935846328735
2,156,0.7128769755363464
2,157,0.6842778921127319
2,158,0.7181165218353271
2,159,0.688525378704071
2,160,0.7009443044662476
2,161,0.71085524559021
2,162,0.6866905689239502
2,163,0.6943278908729553
2,164,0.6519479155540466
2,165,0.7061622738838196
2,166,0.7137067914009094
2,167,0.6742476224899292
2,168,0.6955708861351013
2,169,0.6886637210845947
2,170,0.7080293893814087
2,171,0.7056875228881836
2,172,0.7111990451812744
2,173,0.6993705630302429
2,174,0.6972523927688599
2,175,0.6905285716056824
2,176,0.714756965637207
2,177,0.7006406784057617
2,178,0.7159332036972046
2,179,0.6949970126152039
2,180,0.7127984762191772
2,181,0.7081437706947327
2,182,0.6906396746635437
2,183,0.6998767256736755
2,184,0.6905508041381836
2,185,0.7193135023117065
2,186,0.6798787713050842
2,187,0.6924083828926086
2,188,0.6899583339691162
2,189,0.6872413158416748
2,190,0.711838960647583
2,191,0.6635463237762451
2,192,0.6946377754211426
2,193,0.7022279500961304
2,194,0.6860425472259521
2,195,0.6853227615356445
2,196,0.6763768196105957
2,197,0.6908949017524719
2,198,0.6768326759338379
2,199,0.7070063352584839
2,200,0.7139447927474976
2,201,0.697400689125061
2,202,0.6990829110145569
2,203,0.6985049247741699
2,204,0.6893131732940674
2,205,0.6898789405822754
2,206,0.7162875533103943
2,207,0.6812113523483276
2,208,0.686030387878418
2,209,0.6893725395202637
2,210,0.7148669958114624
2,211,0.7040842771530151
2,212,0.6768984794616699
2,213,0.6954019069671631
2,214,0.7003921270370483
2,215,0.6657611727714539
2,216,0.6794360876083374
2,217,0.6998240351676941
2,218,0.6804822087287903
2,219,0.6735174655914307
2,220,0.6895818114280701
2,221,0.6794614791870117
2,222,0.7047641277313232
2,223,0.6981210112571716
2,224,0.6816084384918213
2,225,0.7021381258964539
2,226,0.6856008768081665
2,227,0.6713697910308838
2,228,0.7243845462799072
2,229,0.6719297170639038
2,230,0.6928964853286743
2,231,0.7032943964004517
2,232,0.7096811532974243
2,233,0.7260371446609497
2,234,0.6939956545829773
2,235,0.69227534532547
2,236,0.6890648603439331
2,237,0.675663948059082
2,238,0.6843693256378174
2,239,0.6805101037025452
2,240,0.7018184661865234
2,241,0.6815670728683472
2,242,0.6944898366928101
2,243,0.6766200065612793
2,244,0.6930112838745117
2,245,0.7004927396774292
2,246,0.6912040710449219
2,247,0.6949236989021301
2,248,0.6857417821884155
2,249,0.7066185474395752
2,250,0.6904873251914978
2,251,0.6925748586654663
2,252,0.6874579787254333
2,253,0.7027381658554077
2,254,0.6800141930580139
2,255,0.7112505435943604
2,256,0.6886921525001526
2,257,0.6803182363510132
2,258,0.6972305774688721
2,259,0.6953675150871277
2,260,0.6759560704231262
2,261,0.7065094113349915
2,262,0.7004570960998535
2,263,0.6806231141090393
2,264,0.6872932314872742
2,265,0.7068742513656616
2,266,0.6901622414588928
2,267,0.6902111768722534
2,268,0.7185505032539368
2,269,0.6923427581787109
2,270,0.6964126825332642
2,271,0.6901489496231079
2,272,0.6965046525001526
2,273,0.6823697090148926
2,274,0.6820095181465149
2,275,0.7318365573883057
2,276,0.687576949596405
2,277,0.7150987386703491
2,278,0.6871403455734253
2,279,0.7051726579666138
2,280,0.7027882933616638
2,281,0.6936424374580383
2,282,0.7019399404525757
2,283,0.6880174279212952
2,284,0.6964804530143738
2,285,0.6697244644165039
2,286,0.6852269172668457
2,287,0.6614556312561035
2,288,0.6964693069458008
2,289,0.7059524655342102
2,290,0.692952036857605
2,291,0.7113209962844849
2,292,0.6827775239944458
2,293,0.6792716383934021
2,294,0.706411600112915
2,295,0.7019685506820679
2,296,0.6933249235153198
2,297,0.7047021985054016
2,298,0.6468433737754822
2,299,0.684332013130188
2,300,0.6906756162643433
2,301,0.6909797787666321
2,302,0.6749164462089539
2,303,0.6948276162147522
2,304,0.6884454488754272
2,305,0.7116783261299133
2,306,0.6859930753707886
2,307,0.6981171369552612
2,308,0.6869457364082336
2,309,0.6785554885864258
2,310,0.7069271206855774
2,311,0.6916272640228271
2,312,0.6919097304344177
2,313,0.7036104202270508
2,314,0.7147216796875
2,315,0.6998104453086853
2,316,0.6775681972503662
2,317,0.6948753595352173
2,318,0.7089768648147583
2,319,0.6875731348991394
2,320,0.714061975479126
2,321,0.6969067454338074
2,322,0.6997091174125671
2,323,0.695391833782196
2,324,0.7077264785766602
2,325,0.7051725387573242
2,326,0.6864341497421265
2,327,0.6966986656188965
2,328,0.6885623931884766
2,329,0.6836143136024475
2,330,0.7013849020004272
2,331,0.6863706111907959
2,332,0.7029229402542114
2,333,0.6972179412841797
2,334,0.6871499419212341
2,335,0.6730371117591858
2,336,0.7087035179138184
2,337,0.6978358030319214
2,338,0.689562201499939
2,339,0.697147011756897
2,340,0.706763744354248
2,341,0.6795596480369568
2,342,0.6834591031074524
2,343,0.6650727987289429
2,344,0.7170041799545288
2,345,0.6891160011291504
2,346,0.6852772235870361
2,347,0.6989933848381042
2,348,0.6934850811958313
2,349,0.7203719615936279
2,350,0.7074905633926392
2,351,0.6843904852867126
2,352,0.7109529376029968
2,353,0.6875436305999756
2,354,0.7247731685638428
2,355,0.6954442858695984
2,356,0.7093397974967957
2,357,0.7041530013084412
2,358,0.6898485422134399
2,359,0.6919382214546204
2,360,0.6811987161636353
2,361,0.6963435411453247
2,362,0.7193666100502014
2,363,0.6783777475357056
2,364,0.6942239999771118
2,365,0.7041018009185791
2,366,0.6941329836845398
2,367,0.6939024329185486
2,368,0.7120850682258606
2,369,0.7184942960739136
2,370,0.6854137778282166
2,371,0.7021191716194153
2,372,0.6922736763954163
2,373,0.7008166909217834
2,374,0.6864387392997742
2,375,0.7127056121826172
2,376,0.6923331022262573
2,377,0.6752222180366516
2,378,0.7080864906311035
2,379,0.6828651428222656
2,380,0.7180467247962952
2,381,0.6774395704269409
2,382,0.6857869029045105
2,383,0.6934288144111633
2,384,0.6690661907196045
2,385,0.7014155387878418
2,386,0.6851978898048401
2,387,0.7231390476226807
2,388,0.6791790723800659
2,389,0.6760612726211548
2,390,0.6966354250907898
2,391,0.691689133644104
2,392,0.6871005892753601
2,393,0.6673637628555298
2,394,0.6975019574165344
2,395,0.6736457347869873
2,396,0.6897481083869934
2,397,0.6919045448303223
2,398,0.6614490747451782
2,399,0.7001111507415771
2,400,0.6943103671073914
2,401,0.6920038461685181
2,402,0.711990237236023
2,403,0.6645757555961609
2,404,0.6970585584640503
2,405,0.66077721118927
2,406,0.7161055207252502
2,407,0.6922538876533508
2,408,0.7013623714447021
2,409,0.6782029271125793
2,410,0.690768837928772
2,411,0.6854590177536011
2,412,0.7155646085739136
2,413,0.6900413632392883
2,414,0.6744999289512634
2,415,0.708271324634552
2,416,0.6772869229316711
2,417,0.7156930565834045
2,418,0.6783791780471802
2,419,0.7044414281845093
2,420,0.690796971321106
2,421,0.684851884841919
2,422,0.6916617155075073
2,423,0.7069388628005981
2,424,0.7044466733932495
2,425,0.7031987905502319
2,426,0.6720649003982544
2,427,0.6840822696685791
2,428,0.6909043192863464
2,429,0.684959352016449
2,430,0.7007557153701782
2,431,0.6982995867729187
2,432,0.688007652759552
2,433,0.7168668508529663
2,434,0.683753252029419
2,435,0.6916495561599731
2,436,0.70928555727005
2,437,0.7261625528335571
2,438,0.6739354729652405
2,439,0.7158303260803223
2,440,0.706589937210083
2,441,0.7113742828369141
2,442,0.6842043995857239
2,443,0.6594210863113403
2,444,0.6821750402450562
2,445,0.6856225728988647
2,446,0.6918525695800781
2,447,0.6947131156921387
2,448,0.7168748378753662
2,449,0.6797246336936951
2,450,0.6995195150375366
2,451,0.659004271030426
2,452,0.7108176946640015
2,453,0.6975798606872559
2,454,0.7095107436180115
2,455,0.6860232949256897
2,456,0.6855125427246094
2,457,0.7166775465011597
2,458,0.6972516775131226
2,459,0.6773209571838379
2,460,0.6857852935791016
2,461,0.7337213754653931
2,462,0.6964623928070068
2,463,0.7001515030860901
2,464,0.6964720487594604
2,465,0.6932457685470581
2,466,0.714413046836853
2,467,0.7069656252861023
2,468,0.6947757005691528
2,469,0.6922522783279419
2,470,0.691907525062561
2,471,0.6905203461647034
2,472,0.714045524597168
2,473,0.6838230490684509
2,474,0.6861355900764465
2,475,0.6847645044326782
2,476,0.706924557685852
2,477,0.700636625289917
2,478,0.6827386617660522
2,479,0.7057453989982605
2,480,0.6860078573226929
2,481,0.6857424974441528
2,482,0.7006893754005432
2,483,0.7122522592544556
2,484,0.7042022943496704
2,485,0.6857960224151611
2,486,0.6938294768333435
2,487,0.6954907178878784
2,488,0.6854972243309021
2,489,0.687909722328186
2,490,0.6988491415977478
2,491,0.7074106931686401
2,492,0.6895459294319153
2,493,0.713159441947937
2,494,0.7157688140869141
2,495,0.6971622705459595
2,496,0.691825270652771
2,497,0.6989542245864868
2,498,0.7109633684158325
2,499,0.6766432523727417
2,500,0.7183070778846741
2,501,0.7123886346817017
2,502,0.7085433006286621
2,503,0.7047666907310486
2,504,0.6954385042190552
2,505,0.6792342662811279
2,506,0.6823475360870361
2,507,0.6903340816497803
2,508,0.6930305361747742
2,509,0.6888128519058228
2,510,0.6937418580055237
2,511,0.6747312545776367
2,512,0.6982318758964539
2,513,0.6979682445526123
2,514,0.6956698894500732
2,515,0.7186126708984375
2,516,0.6868326663970947
2,517,0.6848148703575134
2,518,0.6739168167114258
2,519,0.6877037286758423
2,520,0.6899012327194214
2,521,0.6944724321365356
2,522,0.673783540725708
2,523,0.6789706945419312
2,524,0.7002347111701965
2,525,0.7093950510025024
2,526,0.6992295980453491
2,527,0.7092158794403076
2,528,0.6696774363517761
2,529,0.6826107501983643
2,530,0.7118369936943054
2,531,0.6905984282493591
2,532,0.677294135093689
2,533,0.6856256127357483
2,534,0.7039257287979126
2,535,0.6927043199539185
2,536,0.7017678022384644
2,537,0.6760857105255127
2,538,0.7150515913963318
2,539,0.6720688343048096
2,540,0.69178307056427
2,541,0.6719363331794739
2,542,0.7030490636825562
2,543,0.6966791152954102
2,544,0.7007642388343811
2,545,0.7103152275085449
2,546,0.682892918586731
2,547,0.6870192885398865
2,548,0.6868075728416443
2,549,0.704924464225769
2,550,0.7147067785263062
2,551,0.6988166570663452
2,552,0.687163233757019
2,553,0.6989759206771851
2,554,0.7018994092941284
2,555,0.6904491186141968
2,556,0.6978968381881714
2,557,0.6818690896034241
2,558,0.6931503415107727
2,559,0.6832233667373657
2,560,0.6836336255073547
2,561,0.696322500705719
2,562,0.7003474235534668
2,563,0.6947813630104065
2,564,0.6797442436218262
2,565,0.6779078841209412
2,566,0.692779004573822
2,567,0.6886650919914246
2,568,0.6970993876457214
2,569,0.6987120509147644
2,570,0.6970521211624146
2,571,0.6782337427139282
2,572,0.6858673095703125
2,573,0.6996469497680664
2,574,0.7106657028198242
2,575,0.7049583196640015
2,576,0.6917375326156616
2,577,0.6901581287384033
2,578,0.6920779347419739
2,579,0.6953968405723572
2,580,0.6889259815216064
2,581,0.7129567861557007
2,582,0.7029039859771729
2,583,0.6997641921043396
2,584,0.6917644739151001
2,585,0.6946513652801514
2,586,0.6895196437835693
2,587,0.6941753029823303
2,588,0.693872332572937
2,589,0.701958954334259
2,590,0.6934006810188293
2,591,0.7072322368621826
2,592,0.6868767738342285
2,593,0.6847088932991028
2,594,0.7009521126747131
2,595,0.7310806512832642
2,596,0.7070028781890869
2,597,0.704829216003418
2,598,0.6807495355606079
2,599,0.6923555135726929
2,600,0.6964659690856934
2,601,0.7071897387504578
2,602,0.6920515298843384
2,603,0.692308247089386
2,604,0.6621853113174438
2,605,0.7018651962280273
2,606,0.7041208744049072
2,607,0.6896060109138489
2,608,0.6862751245498657
2,609,0.6906993389129639
2,610,0.7126771807670593
2,611,0.6805861592292786
2,612,0.6735754013061523
2,613,0.6905148029327393
2,614,0.6936584115028381
2,615,0.6852537989616394
2,616,0.6918800473213196
2,617,0.7071734666824341
2,618,0.691150426864624
2,619,0.676606297492981
2,620,0.6878039240837097
2,621,0.7058513164520264
2,622,0.7049473524093628
2,623,0.701522707939148
2,624,0.7001569271087646
2,625,0.6703808903694153
2,626,0.6975963711738586
2,627,0.6957979798316956
2,628,0.7056334018707275
2,629,0.6919010877609253
2,630,0.6938523054122925
2,631,0.6947778463363647
2,632,0.6773179769515991
2,633,0.688107430934906
2,634,0.7068126201629639
2,635,0.7056878805160522
2,636,0.6932373046875
2,637,0.7008154392242432
2,638,0.6782322525978088
2,639,0.6857867240905762
2,640,0.7129502296447754
2,641,0.6930798292160034
2,642,0.7111821174621582
2,643,0.6965101957321167
2,644,0.7040597796440125
2,645,0.6756744384765625
2,646,0.6865469217300415
2,647,0.6895415782928467
2,648,0.6900813579559326
2,649,0.6991788148880005
2,650,0.6811038255691528
2,651,0.6905642151832581
2,652,0.7068576216697693
2,653,0.6981228590011597
2,654,0.6757083535194397
2,655,0.6952301859855652
2,656,0.6880167722702026
2,657,0.7037255764007568
2,658,0.6824594736099243
2,659,0.6766248941421509
2,660,0.6883360147476196
2,661,0.6744152307510376
2,662,0.6820979118347168
2,663,0.6852551698684692
2,664,0.690879225730896
2,665,0.6913249492645264
2,666,0.6973814964294434
2,667,0.7017992734909058
2,668,0.697345495223999
2,669,0.6990400552749634
2,670,0.71060711145401
2,671,0.7102138996124268
2,672,0.6875865459442139
2,673,0.6940516829490662
2,674,0.681068480014801
2,675,0.7059893012046814
2,676,0.7117014527320862
2,677,0.6753605008125305
2,678,0.6795212030410767
2,679,0.6897496581077576
2,680,0.6749266982078552
2,681,0.6761265993118286
2,682,0.7010532021522522
2,683,0.6942949295043945
2,684,0.6929322481155396
2,685,0.6908653974533081
2,686,0.6913095712661743
2,687,0.6732480525970459
2,688,0.7105507850646973
2,689,0.6926481127738953
2,690,0.6868197917938232
2,691,0.7055615186691284
2,692,0.6912543773651123
2,693,0.6986253261566162
2,694,0.689795732498169
2,695,0.6861492991447449
2,696,0.694682776927948
2,697,0.6877834796905518
2,698,0.7033402919769287
2,699,0.7086336612701416
2,700,0.6888855695724487
2,701,0.6878109574317932
2,702,0.6932753920555115
2,703,0.6759483814239502
2,704,0.6748755574226379
2,705,0.6887377500534058
2,706,0.692866325378418
2,707,0.7024083137512207
2,708,0.6888347864151001
2,709,0.6910611391067505
2,710,0.690028190612793
2,711,0.6936098337173462
2,712,0.6870052814483643
2,713,0.707028865814209
2,714,0.6841992139816284
2,715,0.6719145774841309
2,716,0.6799407005310059
2,717,0.7003195285797119
2,718,0.6929484009742737
2,719,0.70386803150177
2,720,0.718201220035553
2,721,0.6834307909011841
2,722,0.6925559043884277
2,723,0.6998658180236816
2,724,0.678779125213623
2,725,0.697699785232544
2,726,0.7062145471572876
2,727,0.6795351505279541
2,728,0.6994204521179199
2,729,0.68006831407547
2,730,0.6858948469161987
2,731,0.6710720658302307
2,732,0.6825981140136719
2,733,0.686334490776062
2,734,0.6804693341255188
2,735,0.6793307662010193
2,736,0.7098067998886108
2,737,0.7119609117507935
2,738,0.6814007759094238
2,739,0.6807161569595337
2,740,0.6823444366455078
2,741,0.7051566243171692
2,742,0.6868295669555664
2,743,0.6914973258972168
2,744,0.699689507484436
2,745,0.7160338163375854
2,746,0.6822304725646973
2,747,0.7065731287002563
2,748,0.6849877834320068
2,749,0.6872723698616028
2,750,0.7015562653541565
2,751,0.6790403127670288
2,752,0.6709981560707092
2,753,0.7053345441818237
2,754,0.7053475379943848
2,755,0.659166693687439
2,756,0.6917901039123535
2,757,0.7004882097244263
2,758,0.6915220022201538
2,759,0.6895554065704346
2,760,0.6949340105056763
2,761,0.6959489583969116
2,762,0.695252001285553
2,763,0.6878580451011658
2,764,0.7093952894210815
2,765,0.6937040090560913
2,766,0.6836754083633423
2,767,0.7123548984527588
2,768,0.7020377516746521
2,769,0.694450855255127
2,770,0.7078666687011719
2,771,0.7000672221183777
2,772,0.672882080078125
2,773,0.6899372339248657
2,774,0.7076683640480042
2,775,0.7118167877197266
2,776,0.714682400226593
2,777,0.6892641186714172
2,778,0.6875938773155212
2,779,0.7041833996772766
2,780,0.7213072180747986
2,781,0.6967366933822632
2,782,0.7279708385467529
3,1,0.6894772052764893
3,2,0.7016337513923645
3,3,0.686553418636322
3,4,0.7070438265800476
3,5,0.6872620582580566
3,6,0.6765686273574829
3,7,0.676199197769165
3,8,0.671660304069519
3,9,0.6982361078262329
3,10,0.6957003474235535
3,11,0.6962503790855408
3,12,0.7039254903793335
3,13,0.6818249225616455
3,14,0.6643694043159485
3,15,0.6780868768692017
3,16,0.6918475031852722
3,17,0.711912989616394
3,18,0.6801977157592773
3,19,0.6978816390037537
3,20,0.7092527151107788
3,21,0.6950452327728271
3,22,0.6948117017745972
3,23,0.6788631677627563
3,24,0.7038048505783081
3,25,0.6931805610656738
3,26,0.679563045501709
3,27,0.6778151392936707
3,28,0.7044961452484131
3,29,0.6789389848709106
3,30,0.6861210465431213
3,31,0.6928990483283997
3,32,0.6877272129058838
3,33,0.6843699216842651
3,34,0.6926056742668152
3,35,0.6793686151504517
3,36,0.6907127499580383
3,37,0.6969470381736755
3,38,0.679912805557251
3,39,0.6833613514900208
3,40,0.698895275592804
3,41,0.7005496025085449
3,42,0.6908891201019287
3,43,0.6772587895393372
3,44,0.688861072063446
3,45,0.679926335811615
3,46,0.7103477716445923
3,47,0.7112649083137512
3,48,0.6817704439163208
3,49,0.6734645962715149
3,50,0.6703782677650452
3,51,0.6855082511901855
3,52,0.685481607913971
3,53,0.7093585729598999
3,54,0.6915828585624695
3,55,0.6922495365142822
3,56,0.6948060393333435
3,57,0.6861265301704407
3,58,0.6829239130020142
3,59,0.6954213380813599
3,60,0.7198355197906494
3,61,0.7111952900886536
3,62,0.6730983853340149
3,63,0.6686716079711914
3,64,0.66628098487854
3,65,0.677111804485321
3,66,0.7015994191169739
3,67,0.7196009755134583
3,68,0.6904338598251343
3,69,0.7166191339492798
3,70,0.7135435938835144
3,71,0.6895824074745178
3,72,0.6840206980705261
3,73,0.7032634615898132
3,74,0.6689913868904114
3,75,0.6979809999465942
3,76,0.7022957801818848
3,77,0.7174237966537476
3,78,0.7253409028053284
3,79,0.7096844911575317
3,80,0.691514253616333
3,81,0.6910001039505005
3,82,0.6976171731948853
3,83,0.6808861494064331
3,84,0.6942315697669983
3,85,0.6782969236373901
3,86,0.6725302934646606
3,87,0.695098876953125
3,88,0.6871351003646851
3,89,0.6994462013244629
3,90,0.7006471157073975
3,91,0.673516035079956
3,92,0.6889920234680176
3,93,0.6910057067871094
3,94,0.7075557112693787
3,95,0.6654720902442932
3,96,0.6808297038078308
3,97,0.6918860673904419
3,98,0.6905243396759033
3,99,0.6779346466064453
3,100,0.7004919648170471
3,101,0.6953128576278687
3,102,0.690351128578186
3,103,0.6759399175643921
3,104,0.6989678740501404
3,105,0.677122950553894
3,106,0.6701220273971558
3,107,0.7216312289237976
3,108,0.7229311466217041
3,109,0.7003540992736816
3,110,0.6953725814819336
3,111,0.6749679446220398
3,112,0.6892039775848389
3,113,0.6564738154411316
3,114,0.680619478225708
3,115,0.6909167170524597
3,116,0.7102642059326172
3,117,0.6972969174385071
3,118,0.6922482252120972
3,119,0.6859287023544312
3,120,0.684576153755188
3,121,0.7041585445404053
3,122,0.7033769488334656
3,123,0.7063806056976318
3,124,0.684417724609375
3,125,0.6818459033966064
3,126,0.6999574303627014
3,127,0.6855943202972412
3,128,0.6797990202903748
3,129,0.6949225068092346
3,130,0.6883803606033325
3,131,0.6980112791061401
3,132,0.6931746006011963
3,133,0.6969760656356812
3,134,0.71171635389328
3,135,0.7098842859268188
3,136,0.6962136030197144
3,137,0.6857386827468872
3,138,0.6996663212776184
3,139,0.6891191601753235
3,140,0.6843340396881104
3,141,0.7016823887825012
3,142,0.6728328466415405
3,143,0.6868688464164734
3,144,0.7080895900726318
3,145,0.702407717704773
3,146,0.7184864282608032
3,147,0.6996018886566162
3,148,0.6934279799461365
3,149,0.6853587627410889
3,150,0.6797687411308289
3,151,0.7113975882530212
3,152,0.6907992362976074
3,153,0.7097278833389282
3,154,0.6982901692390442
3,155,0.7175154089927673
3,156,0.679509699344635
3,157,0.6895512938499451
3,158,0.6883774995803833
3,159,0.6824524402618408
3,160,0.7036447525024414
3,161,0.6759533882141113
3,162,0.677857518196106
3,163,0.6935189366340637
3,164,0.675727128982544
3,165,0.6927617788314819
3,166,0.6826723217964172
3,167,0.7040910124778748
3,168,0.677780270576477
3,169,0.7187925577163696
3,170,0.692865252494812
3,171,0.6861703991889954
3,172,0.6923755407333374
3,173,0.7071713209152222
3,174,0.710317850112915
3,175,0.6958724856376648
3,176,0.715906023979187
3,177,0.6922453045845032
3,178,0.708010196685791
3,179,0.6894173622131348
3,180,0.6867745518684387
3,181,0.7098991870880127
3,182,0.6866655349731445
3,183,0.6786816120147705
3,184,0.6918880343437195
3,185,0.6700825691223145
3,186,0.6924383640289307
3,187,0.6828527450561523
3,188,0.6984270215034485
3,189,0.715951681137085
3,190,0.6936274170875549
3,191,0.6963456869125366
3,192,0.7038136720657349
3,193,0.682309627532959
3,194,0.6675950288772583
3,195,0.6755672693252563
3,196,0.6994237303733826
3,197,0.691611647605896
3,198,0.7054952383041382
3,199,0.6946612000465393
3,200,0.6951350569725037
3,201,0.7048087120056152
3,202,0.7079354524612427
3,203,0.698064386844635
3,204,0.7011082768440247
3,205,0.6791446208953857
3,206,0.7120552062988281
3,207,0.7168455123901367
3,208,0.6844394207000732
3,209,0.6920122504234314
3,210,0.6975442171096802
3,211,0.7003344297409058
3,212,0.6816402673721313
3,213,0.7038896083831787
3,214,0.6716618537902832
3,215,0.6938214898109436
3,216,0.7239848375320435
3,217,0.698890209197998
3,218,0.6760319471359253
3,219,0.6865076422691345
3,220,0.6959509253501892
3,221,0.6958985924720764
3,222,0.686431884765625
3,223,0.7194259762763977
3,224,0.6851900815963745
3,225,0.693522572517395
3,226,0.7027537226676941
3,227,0.6936142444610596
3,228,0.7057881355285645
3,229,0.6955593824386597
3,230,0.6903368234634399
3,231,0.7004653215408325
3,232,0.6772517561912537
3,233,0.6750138401985168
3,234,0.7104825973510742
3,235,0.6902265548706055
3,236,0.6861358880996704
3,237,0.6848582029342651
3,238,0.6971657276153564
3,239,0.6917668581008911
3,240,0.7055407762527466
3,241,0.6940422058105469
3,242,0.6823225021362305
3,243,0.6942993402481079
3,244,0.6772443056106567
3,245,0.6932362914085388
3,246,0.6852563619613647
3,247,0.6853591799736023
3,248,0.6823248267173767
3,249,0.6850489377975464
3,250,0.7043163776397705
3,251,0.6898437142372131
3,252,0.6958086490631104
3,253,0.7082008719444275
3,254,0.6979060173034668
3,255,0.6781104803085327
3,256,0.6931594610214233
3,257,0.7023266553878784
3,258,0.6854454278945923
3,259,0.6998234987258911
3,260,0.6972928047180176
3,261,0.6926456093788147
3,262,0.7043663263320923
3,263,0.6903080940246582
3,264,0.6960694193840027
3,265,0.7231065034866333
3,266,0.6916179060935974
3,267,0.6916098594665527
3,268,0.6895952224731445
3,269,0.680761456489563
3,270,0.6900757551193237
3,271,0.6943231821060181
3,272,0.6798661351203918
3,273,0.6923794746398926
3,274,0.6958310604095459
3,275,0.7008737921714783
3,276,0.710041344165802
3,277,0.6861998438835144
3,278,0.6869421005249023
3,279,0.6894729137420654
3,280,0.699941098690033
3,281,0.7027533054351807
3,282,0.7166981101036072
3,283,0.6966408491134644
3,284,0.7218174338340759
3,285,0.6979281902313232
3,286,0.7041248083114624
3,287,0.6911603212356567
3,288,0.6916371583938599
3,289,0.689190149307251
3,290,0.6881317496299744
3,291,0.6870708465576172
3,292,0.6759276986122131
3,293,0.6952085494995117
3,294,0.6998555660247803
3,295,0.6909496784210205
3,296,0.6913761496543884
3,297,0.6831555366516113
3,298,0.6803492307662964
3,299,0.6809532642364502
3,300,0.7006163001060486
3,301,0.694865345954895
3,302,0.69881671667099
3,303,0.6968938708305359
3,304,0.6861151456832886
3,305,0.6955533623695374
3,306,0.7016496658325195
3,307,0.7041135430335999
3,308,0.7054345607757568
3,309,0.6743917465209961
3,310,0.6622728109359741
3,311,0.7094747424125671
3,312,0.6931112408638
3,313,0.6746547222137451
3,314,0.6949790120124817
3,315,0.6777994632720947
3,316,0.6880233287811279
3,317,0.6891260743141174
3,318,0.6986544728279114
3,319,0.6738787889480591
3,320,0.6927735805511475
3,321,0.6973172426223755
3,322,0.680009126663208
3,323,0.6740614175796509
3,324,0.6886439919471741
3,325,0.691205620765686
3,326,0.682350754737854
3,327,0.6963680982589722
3,328,0.6661726236343384
3,329,0.6826137900352478
3,330,0.6914442777633667
3,331,0.6967930793762207
3,332,0.697738528251648
3,333,0.6874861717224121
3,334,0.7071882486343384
3,335,0.692899227142334
3,336,0.6899734139442444
3,337,0.6788613200187683
3,338,0.714359700679779
3,339,0.6552343368530273
3,340,0.6974908709526062
3,341,0.7216603755950928
3,342,0.6759266257286072
3,343,0.6780872344970703
3,344,0.7039934396743774
3,345,0.6883010268211365
3,346,0.69642174243927
3,347,0.6965765953063965
3,348,0.6819337606430054
3,349,0.6957317590713501
3,350,0.7008638381958008
3,351,0.6953397989273071
3,352,0.6910349726676941
3,353,0.6998396515846252
3,354,0.6857056617736816
3,355,0.6906901597976685
3,356,0.6914049386978149
3,357,0.6961924433708191
3,358,0.7026254534721375
3,359,0.6814951300621033
3,360,0.691144585609436
3,361,0.6935735940933228
3,362,0.6850427389144897
3,363,0.6804510951042175
3,364,0.7035108804702759
3,365,0.6856387257575989
3,366,0.6804306507110596
3,367,0.7019305229187012
3,368,0.6889075636863708
3,369,0.6933547854423523
3,370,0.699805498123169
3,371,0.6798149943351746
3,372,0.6819043755531311
3,373,0.713665246963501
3,374,0.6973109245300293
3,375,0.6994913816452026
3,376,0.6875482797622681
3,377,0.6902127265930176
3,378,0.678584098815918
3,379,0.7330196499824524
3,380,0.6907498836517334
3,381,0.7036294937133789
3,382,0.6961938142776489
3,383,0.6973434090614319
3,384,0.6830496191978455
3,385,0.6925323009490967
3,386,0.7060418128967285
3,387,0.7066593170166016
3,388,0.7074394822120667
3,389,0.6759901642799377
3,390,0.6935095191001892
3,391,0.6941977143287659
3,392,0.6894751191139221
3,393,0.7058594226837158
3,394,0.6902710199356079
3,395,0.684177577495575
3,396,0.692716121673584
3,397,0.689598798751831
3,398,0.6984149217605591
3,399,0.6807594299316406
3,400,0.6941999197006226
3,401,0.7091265916824341
3,402,0.6907389163970947
3,403,0.6903277039527893
3,404,0.6834049224853516
3,405,0.7036172151565552
3,406,0.6799638271331787
3,407,0.703593373298645
3,408,0.6872397065162659
3,409,0.6829516887664795
3,410,0.6836235523223877
3,411,0.6779661178588867
3,412,0.6895545721054077
3,413,0.7042374014854431
3,414,0.7110463380813599
3,415,0.6781424880027771
3,416,0.7026746273040771
3,417,0.696293830871582
3,418,0.6900839805603027
3,419,0.6747881174087524
3,420,0.6985601186752319
3,421,0.6823886632919312
3,422,0.6936848759651184
3,423,0.6980931758880615
3,424,0.7016130685806274
3,425,0.7104510068893433
3,426,0.6870764493942261
3,427,0.685773491859436
3,428,0.7043284773826599
3,429,0.7082904577255249
3,430,0.6824544668197632
3,431,0.6819928288459778
3,432,0.6788373589515686
3,433,0.6925404071807861
3,434,0.7002341151237488
3,435,0.6929961442947388
3,436,0.6802895665168762
3,437,0.6800110936164856
3,438,0.6871864795684814
3,439,0.6814553141593933
3,440,0.7018965482711792
3,441,0.697786271572113
3,442,0.6811302304267883
3,443,0.6975493431091309
3,444,0.684543788433075
3,445,0.7123541831970215
3,446,0.7026483416557312
3,447,0.6785794496536255
3,448,0.6918588876724243
3,449,0.6981539726257324
3,450,0.6917403340339661
3,451,0.7128473520278931
3,452,0.6917600631713867
3,453,0.703331470489502
3,454,0.7102736830711365
3,455,0.7088727355003357
3,456,0.6936531066894531
3,457,0.6930031776428223
3,458,0.6903691291809082
3,459,0.6927416920661926
3,460,0.6809414029121399
3,461,0.7067489624023438
3,462,0.6695502400398254
3,463,0.7059005498886108
3,464,0.7048835158348083
3,465,0.6871471405029297
3,466,0.6938148736953735
3,467,0.684899628162384
3,468,0.6851428747177124
3,469,0.7068381905555725
3,470,0.6780356168746948
3,471,0.6833929419517517
3,472,0.7102353572845459
3,473,0.709548830986023
3,474,0.6913655400276184
3,475,0.699696958065033
3,476,0.6889107823371887
3,477,0.6999702453613281
3,478,0.6757888793945312
3,479,0.6989939212799072
3,480,0.6929424405097961
3,481,0.6976226568222046
3,482,0.6910061836242676
3,483,0.6951137781143188
3,484,0.7075954675674438
3,485,0.6906863451004028
3,486,0.6894676685333252
3,487,0.6665021777153015
3,488,0.6795005202293396
3,489,0.6919528841972351
3,490,0.6933203935623169
3,491,0.6915700435638428
3,492,0.6872875690460205
3,493,0.6780037879943848
3,494,0.6955474615097046
3,495,0.6900539398193359
3,496,0.6957530975341797
3,497,0.7096261382102966
3,498,0.7072677612304688
3,499,0.6860517263412476
3,500,0.6855782270431519
3,501,0.7095701098442078
3,502,0.6767256855964661
3,503,0.6739982962608337
3,504,0.708174467086792
3,505,0.6838722229003906
3,506,0.6974298357963562
3,507,0.7232518196105957
3,508,0.6838703751564026
3,509,0.707068681716919
3,510,0.7023142576217651
3,511,0.7025210857391357
3,512,0.6829848289489746
3,513,0.6897927522659302
3,514,0.6883535385131836
3,515,0.7054277658462524
3,516,0.7002449035644531
3,517,0.7003938555717468
3,518,0.706645667552948
3,519,0.7030844688415527
3,520,0.6983820199966431
3,521,0.6640071868896484
3,522,0.7033870220184326
3,523,0.6759598255157471
3,524,0.6988630294799805
3,525,0.7027493119239807
3,526,0.6951198577880859
3,527,0.6747826337814331
3,528,0.7055912017822266
3,529,0.7200218439102173
3,530,0.684558629989624
3,531,0.6955105066299438
3,532,0.6827263832092285
3,533,0.685065746307373
3,534,0.6894644498825073
3,535,0.7031083106994629
3,536,0.6850358247756958
3,537,0.7192552089691162
3,538,0.6796347498893738
3,539,0.6756546497344971
3,540,0.7057116031646729
3,541,0.7010695934295654
3,542,0.6959213018417358
3,543,0.7077528238296509
3,544,0.6830043196678162
3,545,0.6854777932167053
3,546,0.6931434869766235
3,547,0.6959174871444702
3,548,0.7045899033546448
3,549,0.6922526955604553
3,550,0.6957182884216309
3,551,0.6819363236427307
3,552,0.6785895824432373
3,553,0.6947930455207825
3,554,0.6873279809951782
3,555,0.6934143304824829
3,556,0.6782183647155762
3,557,0.6826386451721191
3,558,0.6835439205169678
3,559,0.7090908288955688
3,560,0.6869975924491882
3,561,0.698311984539032
3,562,0.7073248028755188
3,563,0.713405191898346
3,564,0.6953291296958923
3,565,0.6728973388671875
3,566,0.7053016424179077
3,567,0.6787404417991638
3,568,0.6838732957839966
3,569,0.689932107925415
3,570,0.6885710954666138
3,571,0.7004438638687134
3,572,0.680958092212677
3,573,0.696418046951294
3,574,0.6806994080543518
3,575,0.6792861223220825
3,576,0.6911219358444214
3,577,0.7006280422210693
3,578,0.6653863787651062
3,579,0.6875513792037964
3,580,0.6903954744338989
3,581,0.6926184892654419
3,582,0.6886841654777527
3,583,0.6757131218910217
3,584,0.696963369846344
3,585,0.6729760766029358
3,586,0.6941397786140442
3,587,0.6802201867103577
3,588,0.6891518235206604
3,589,0.7050325870513916
3,590,0.6905153393745422
3,591,0.7044776082038879
3,592,0.6981186866760254
3,593,0.7264646291732788
3,594,0.7020161747932434
3,595,0.6966718435287476
3,596,0.6785732507705688
3,597,0.6851311922073364
3,598,0.6955868005752563
3,599,0.6874494552612305
3,600,0.6797295808792114
3,601,0.693504810333252
3,602,0.6905258893966675
3,603,0.7044481039047241
3,604,0.7002742290496826
3,605,0.6880975961685181
3,606,0.6890701055526733
3,607,0.6914151906967163
3,608,0.6981181502342224
3,609,0.6913638710975647
3,610,0.7054213285446167
3,611,0.7106974124908447
3,612,0.7003232836723328
3,613,0.6944417357444763
3,614,0.6874995231628418
3,615,0.7013020515441895
3,616,0.6936470866203308
3,617,0.7055232524871826
3,618,0.6983621120452881
3,619,0.690205454826355
3,620,0.6922602653503418
3,621,0.6862078905105591
3,622,0.7226225137710571
3,623,0.6768543124198914
3,624,0.6775537729263306
3,625,0.6798475980758667
3,626,0.6898608207702637
3,627,0.695056676864624
3,628,0.692995548248291
3,629,0.6950927972793579
3,630,0.684219479560852
3,631,0.7022155523300171
3,632,0.6954652667045593
3,633,0.6894029378890991
3,634,0.6934782862663269
3,635,0.6933062672615051
3,636,0.7119816541671753
3,637,0.695945680141449
3,638,0.6962911486625671
3,639,0.6922188401222229
3,640,0.7016059756278992
3,641,0.7065732479095459
3,642,0.682802677154541
3,643,0.7044937610626221
3,644,0.6911948919296265
3,645,0.6712299585342407
3,646,0.7077422738075256
3,647,0.701269805431366
3,648,0.700269341468811
3,649,0.7041728496551514
3,650,0.6951923370361328
3,651,0.7113507390022278
3,652,0.6922094821929932
3,653,0.6893359422683716
3,654,0.7006676197052002
3,655,0.6876744031906128
3,656,0.691690981388092
3,657,0.6924163699150085
3,658,0.6920515894889832
3,659,0.6800950765609741
3,660,0.6989667415618896
3,661,0.7074639797210693
3,662,0.6935051679611206
3,663,0.7042196393013
3,664,0.6896024942398071
3,665,0.6865213513374329
3,666,0.6842806339263916
3,667,0.6797279119491577
3,668,0.6799967288970947
3,669,0.6787049770355225
3,670,0.6843816041946411
3,671,0.697159469127655
3,672,0.6819283962249756
3,673,0.6840748190879822
3,674,0.7021206617355347
3,675,0.6840457320213318
3,676,0.7048773169517517
3,677,0.6790700554847717
3,678,0.6973653435707092
3,679,0.7061095833778381
3,680,0.6815828084945679
3,681,0.6959248781204224
3,682,0.7004902362823486
3,683,0.7019730806350708
3,684,0.6899521350860596
3,685,0.7106512784957886
3,686,0.6933724284172058
3,687,0.6915080547332764
3,688,0.6934635043144226
3,689,0.7029007077217102
3,690,0.6962885856628418
3,691,0.6892421841621399
3,692,0.6980767250061035
3,693,0.6965550184249878
3,694,0.6845477819442749
3,695,0.7082662582397461
3,696,0.6813293695449829
3,697,0.7021287679672241
3,698,0.6974165439605713
3,699,0.6882232427597046
3,700,0.6986624598503113
3,701,0.6986365914344788
3,702,0.6868036389350891
3,703,0.713634729385376
3,704,0.6876218318939209
3,705,0.6978516578674316
3,706,0.7052130103111267
3,707,0.6925144195556641
3,708,0.6906862258911133
3,709,0.6823996305465698
3,710,0.697502851486206
3,711,0.6809659004211426
3,712,0.7054287195205688
3,713,0.7107986211776733
3,714,0.6909665465354919
3,715,0.6819858551025391
3,716,0.6699110269546509
3,717,0.683961033821106
3,718,0.680693507194519
3,719,0.6954690217971802
3,720,0.6888651847839355
3,721,0.6989499926567078
3,722,0.6865741014480591
3,723,0.6912391185760498
3,724,0.6897623538970947
3,725,0.7001287937164307
3,726,0.7116851806640625
3,727,0.6900632977485657
3,728,0.6727558374404907
3,729,0.6831105947494507
3,730,0.6814243793487549
3,731,0.7029051780700684
3,732,0.6948174834251404
3,733,0.6942846775054932
3,734,0.7049338221549988
3,735,0.7019518613815308
3,736,0.6999571323394775
3,737,0.694786787033081
3,738,0.6840597987174988
3,739,0.687943160533905
3,740,0.6932891607284546
3,741,0.6843317747116089
3,742,0.6748139262199402
3,743,0.6959083080291748
3,744,0.6890443563461304
3,745,0.7022995948791504
3,746,0.684288740158081
3,747,0.6929124593734741
3,748,0.7184134125709534
3,749,0.6920914649963379
3,750,0.6813943386077881
3,751,0.6803438663482666
3,752,0.693993330001831
3,753,0.6911062002182007
3,754,0.6776394844055176
3,755,0.6804928183555603
3,756,0.676200270652771
3,757,0.6696718335151672
3,758,0.6988378763198853
3,759,0.6994749903678894
3,760,0.6966487169265747
3,761,0.6945176720619202
3,762,0.69416344165802
3,763,0.6894214749336243
3,764,0.6751812696456909
3,765,0.6857007741928101
3,766,0.7050542831420898
3,767,0.6860154271125793
3,768,0.6974075436592102
3,769,0.6886186599731445
3,770,0.7121553421020508
3,771,0.6914074420928955
3,772,0.6859603524208069
3,773,0.6795359253883362
3,774,0.6880195140838623
3,775,0.6954466700553894
3,776,0.6947387456893921
3,777,0.6899917721748352
3,778,0.6703717708587646
3,779,0.6935566663742065
3,780,0.7041275501251221
3,781,0.6906927227973938
3,782,0.6938469409942627
4,1,0.7005648612976074
4,2,0.6658318638801575
4,3,0.7007007598876953
4,4,0.6871070265769958
4,5,0.6966053247451782
4,6,0.7077158093452454
4,7,0.68015456199646
4,8,0.680069088935852
4,9,0.6950827240943909
4,10,0.6990828514099121
4,11,0.684249997138977
4,12,0.6953169107437134
4,13,0.7003225684165955
4,14,0.7116075754165649
4,15,0.6902303695678711
4,16,0.7007636427879333
4,17,0.6978915929794312
4,18,0.6792902946472168
4,19,0.6821855306625366
4,20,0.7034095525741577
4,21,0.680896520614624
4,22,0.7014840841293335
4,23,0.6917896866798401
4,24,0.6912215948104858
4,25,0.697297990322113
4,26,0.7136260271072388
4,27,0.6707789301872253
4,28,0.6906996965408325
4,29,0.7134245038032532
4,30,0.701456606388092
4,31,0.6868583559989929
4,32,0.6987943649291992
4,33,0.6865839958190918
4,34,0.6711084246635437
4,35,0.6916531920433044
4,36,0.7069336771965027
4,37,0.6761522889137268
4,38,0.6885287165641785
4,39,0.7005292177200317
4,40,0.6987372040748596
4,41,0.7111815810203552
4,42,0.7048083543777466
4,43,0.6952901482582092
4,44,0.6953909397125244
4,45,0.6720060110092163
4,46,0.7015740275382996
4,47,0.676790714263916
4,48,0.6962554454803467
4,49,0.6839288473129272
4,50,0.6924626231193542
4,51,0.6885401010513306
4,52,0.6958703398704529
4,53,0.6805073022842407
4,54,0.6739745140075684
4,55,0.7048274278640747
4,56,0.7093209028244019
4,57,0.6879564523696899
4,58,0.6903699636459351
4,59,0.7051284909248352
4,60,0.6938000321388245
4,61,0.6988773345947266
4,62,0.6941811442375183
4,63,0.7244574427604675
4,64,0.7015751600265503
4,65,0.6970332860946655
4,66,0.6771667003631592
4,67,0.6830660104751587
4,68,0.7051906585693359
4,69,0.6947447061538696
4,70,0.6862422823905945
4,71,0.677419900894165
4,72,0.6842600703239441
4,73,0.6932963132858276
4,74,0.685064435005188
4,75,0.6744349002838135
4,76,0.6810500025749207
4,77,0.6907442212104797
4,78,0.6835266947746277
4,79,0.6810747385025024
4,80,0.7102741599082947
4,81,0.7071142792701721
4,82,0.7197383642196655
4,83,0.6900456547737122
4,84,0.6893166899681091
4,85,0.6838701367378235
4,86,0.7024010419845581
4,87,0.6918404698371887
4,88,0.693770170211792
4,89,0.676796555519104
4,90,0.7158917188644409
4,91,0.6924378275871277
4,92,0.7021368741989136
4,93,0.6914240717887878
4,94,0.7170895338058472
4,95,0.7160027623176575
4,96,0.7036563158035278
4,97,0.6997178792953491
4,98,0.6949554085731506
4,99,0.6888600587844849
4,100,0.7083640694618225
4,101,0.6748788952827454
4,102,0.6890570521354675
4,103,0.679466962814331
4,104,0.6959615349769592
4,105,0.6844658851623535
4,106,0.6879109144210815
4,107,0.6916288733482361
4,108,0.7017315626144409
4,109,0.6776150465011597
4,110,0.6821503043174744
4,111,0.6910711526870728
4,112,0.7047522068023682
4,113,0.6767172813415527
4,114,0.6977331638336182
4,115,0.712726354598999
4,116,0.6996846199035645
4,117,0.6953082084655762
4,118,0.6988038420677185
4,119,0.7009673118591309
4,120,0.6819442510604858
4,121,0.6899364590644836
4,122,0.7111742496490479
4,123,0.6940058469772339
4,124,0.712071418762207
4,125,0.6738568544387817
4,126,0.6871992349624634
4,127,0.6987972259521484
4,128,0.7025227546691895
4,129,0.7118703126907349
4,130,0.6830593347549438
4,131,0.6950225830078125
4,132,0.6906523704528809
4,133,0.6831868886947632
4,134,0.6897588968276978
4,135,0.6796219348907471
4,136,0.6850129961967468
4,137,0.6868432760238647
4,138,0.6893129944801331
4,139,0.6849777698516846
4,140,0.6949185729026794
4,141,0.6943005323410034
4,142,0.7058262825012207
4,143,0.6821764707565308
4,144,0.6920506954193115
4,145,0.6910053491592407
4,146,0.6867876052856445
4,147,0.6966569423675537
4,148,0.6963257789611816
4,149,0.6864805221557617
4,150,0.6894025802612305
4,151,0.6949260234832764
4,152,0.6854230165481567
4,153,0.7053731083869934
4,154,0.6906141042709351
4,155,0.6919772624969482
4,156,0.6879698038101196
4,157,0.7167596817016602
4,158,0.6899682283401489
4,159,0.7058219313621521
4,160,0.6900760531425476
4,161,0.6883344054222107
4,162,0.7158889770507812
4,163,0.6891337633132935
4,164,0.7104297876358032
4,165,0.6857354640960693
4,166,0.6934720277786255
4,167,0.6764208674430847
4,168,0.6869306564331055
4,169,0.6919344067573547
4,170,0.6716237664222717
4,171,0.691911518573761
4,172,0.6933190822601318
4,173,0.7010522484779358
4,174,0.6957990527153015
4,175,0.6874917149543762
4,176,0.6999719142913818
4,177,0.6931305527687073
4,178,0.6882795095443726
4,179,0.6892997026443481
4,180,0.6889629364013672
4,181,0.6886708736419678
4,182,0.6884561777114868
4,183,0.6960203647613525
4,184,0.6775374412536621
4,185,0.6889457106590271
4,186,0.6779650449752808
4,187,0.6969916820526123
4,188,0.7016688585281372
4,189,0.6925992965698242
4,190,0.6742910146713257
4,191,0.6998093724250793
4,192,0.7043942809104919
4,193,0.6919685006141663
4,194,0.6916630268096924
4,195,0.7076686024665833
4,196,0.6959764361381531
4,197,0.6794392466545105
4,198,0.6918533444404602
4,199,0.7027768492698669
4,200,0.6964000463485718
4,201,0.7126561403274536
4,202,0.6949440836906433
4,203,0.6796997785568237
4,204,0.6818884611129761
4,205,0.6927406191825867
4,206,0.701448917388916
4,207,0.6799482107162476
4,208,0.6964716911315918
4,209,0.689830482006073
4,210,0.673201858997345
4,211,0.6906372308731079
4,212,0.6864005923271179
4,213,0.6881694793701172
4,214,0.6939795017242432
4,215,0.6880921721458435
4,216,0.6917259693145752
4,217,0.6867018342018127
4,218,0.7040512561798096
4,219,0.6969314813613892
4,220,0.6957491040229797
4,221,0.6965542435646057
4,222,0.7003076076507568
4,223,0.6999278664588928
4,224,0.6721398830413818
4,225,0.6844731569290161
4,226,0.6859719753265381
4,227,0.7061893939971924
4,228,0.6959110498428345
4,229,0.6892757415771484
4,230,0.6809879541397095
4,231,0.7016857862472534
4,232,0.6980394124984741
4,233,0.6953059434890747
4,234,0.6993603110313416
4,235,0.717288076877594
4,236,0.6731053590774536
4,237,0.6871967315673828
4,238,0.7153868675231934
4,239,0.6969203948974609
4,240,0.7013476490974426
4,241,0.6972230076789856
4,242,0.7031287550926208
4,243,0.6721472144126892
4,244,0.6930211186408997
4,245,0.6759015917778015
4,246,0.6773629188537598
4,247,0.6666524410247803
4,248,0.6778334379196167
4,249,0.6918067932128906
4,250,0.7019540071487427
4,251,0.6723187565803528
4,252,0.6892324090003967
4,253,0.6894919872283936
4,254,0.7066991925239563
4,255,0.6944579482078552
4,256,0.6522255539894104
4,257,0.7017924189567566
4,258,0.697615921497345
4,259,0.6867609024047852
4,260,0.6959731578826904
4,261,0.6879817247390747
4,262,0.6853588819503784
4,263,0.7150394916534424
4,264,0.7101576328277588
4,265,0.6795974969863892
4,266,0.6927672624588013
4,267,0.6916288137435913
4,268,0.7074265480041504
4,269,0.699987530708313
4,270,0.6870816946029663
4,271,0.6855964064598083
4,272,0.6921513080596924
4,273,0.6894738078117371
4,274,0.6863406896591187
4,275,0.7006425857543945
4,276,0.6884521245956421
4,277,0.701417088508606
4,278,0.7041037678718567
4,279,0.6868179440498352
4,280,0.6876730918884277
4,281,0.6935127973556519
4,282,0.6945393681526184
4,283,0.6965987682342529
4,284,0.7001672983169556
4,285,0.6950076222419739
4,286,0.6940986514091492
4,287,0.6829491853713989
4,288,0.6938190460205078
4,289,0.7031333446502686
4,290,0.715488612651825
4,291,0.6771321296691895
4,292,0.692040741443634
4,293,0.6959401965141296
4,294,0.6743209958076477
4,295,0.6895707845687866
4,296,0.682628870010376
4,297,0.6894782781600952
4,298,0.6958363056182861
4,299,0.6937572956085205
4,300,0.6796517372131348
4,301,0.6916229724884033
4,302,0.693089485168457
4,303,0.6911938190460205
4,304,0.6788772344589233
4,305,0.7005733251571655
4,306,0.680376410484314
4,307,0.6887452602386475
4,308,0.6965187788009644
4,309,0.6993429660797119
4,310,0.7146372199058533
4,311,0.7178962826728821
4,312,0.6870086789131165
4,313,0.680377721786499
4,314,0.6916917562484741
4,315,0.7099635601043701
4,316,0.6897587180137634
4,317,0.6742161512374878
4,318,0.696130633354187
4,319,0.6918779611587524
4,320,0.6900073289871216
4,321,0.6696996092796326
4,322,0.6799202561378479
4,323,0.6899428963661194
4,324,0.7003934979438782
4,325,0.6914148926734924
4,326,0.7107366323471069
4,327,0.6855962872505188
4,328,0.6930068731307983
4,329,0.6920711994171143
4,330,0.6865221858024597
4,331,0.685294508934021
4,332,0.6979248523712158
4,333,0.7025830745697021
4,334,0.6784951686859131
4,335,0.6814959049224854
4,336,0.6987103819847107
4,337,0.6722889542579651
4,338,0.6874951124191284
4,339,0.7098321318626404
4,340,0.706902027130127
4,341,0.6977651119232178
4,342,0.6886064410209656
4,343,0.6784781217575073
4,344,0.6977406740188599
4,345,0.6919126510620117
4,346,0.688518762588501
4,347,0.6892679929733276
4,348,0.7046815156936646
4,349,0.7037159204483032
4,350,0.6896541118621826
4,351,0.6987177133560181
4,352,0.6984317302703857
4,353,0.6944534182548523
4,354,0.6980693340301514
4,355,0.695202112197876
4,356,0.719207763671875
4,357,0.6914606094360352
4,358,0.7020418047904968
4,359,0.6743291616439819
4,360,0.6965211629867554
4,361,0.6833764314651489
4,362,0.7041611671447754
4,363,0.7049807906150818
4,364,0.6954483985900879
4,365,0.6949020028114319
4,366,0.6883871555328369
4,367,0.6713071465492249
4,368,0.7080311179161072
4,369,0.7064756155014038
4,370,0.6957981586456299
4,371,0.7006300091743469
4,372,0.6908556222915649
4,373,0.6929467916488647
4,374,0.6952020525932312
4,375,0.6975373029708862
4,376,0.6975020170211792
4,377,0.6744090914726257
4,378,0.6927297711372375
4,379,0.6783825159072876
4,380,0.6899040937423706
4,381,0.6989932656288147
4,382,0.7019500136375427
4,383,0.6899988651275635
4,384,0.6724261045455933
4,385,0.7007716298103333
4,386,0.6867088079452515
4,387,0.7004777193069458
4,388,0.6815847754478455
4,389,0.6839762330055237
4,390,0.676581859588623
4,391,0.6867445707321167
4,392,0.685354471206665
4,393,0.674582839012146
4,394,0.671521782875061
4,395,0.6866598129272461
4,396,0.6756922006607056
4,397,0.6841558218002319
4,398,0.6877835392951965
4,399,0.674511730670929
4,400,0.7156826853752136
4,401,0.6838539242744446
4,402,0.6992919445037842
4,403,0.6946234107017517
4,404,0.690659761428833
4,405,0.6936822533607483
4,406,0.698246955871582
4,407,0.699214518070221
4,408,0.6867551803588867
4,409,0.6910735368728638
4,410,0.7088630795478821
4,411,0.686928927898407
4,412,0.7046242952346802
4,413,0.6914762854576111
4,414,0.7161785364151001
4,415,0.6889305710792542
4,416,0.709808349609375
4,417,0.6969649791717529
4,418,0.6830343008041382
4,419,0.6721274256706238
4,420,0.7116938829421997
4,421,0.7241821885108948
4,422,0.7017079591751099
4,423,0.6896957755088806
4,424,0.6993770599365234
4,425,0.6824720501899719
4,426,0.6910982131958008
4,427,0.6928985714912415
4,428,0.7042455077171326
4,429,0.6809162497520447
4,430,0.6985985040664673
4,431,0.6966838240623474
4,432,0.6911221742630005
4,433,0.7064671516418457
4,434,0.6873869299888611
4,435,0.7057037353515625
4,436,0.7041788101196289
4,437,0.6910161972045898
4,438,0.6983736753463745
4,439,0.7110225558280945
4,440,0.6889435052871704
4,441,0.6850111484527588
4,442,0.7016454935073853
4,443,0.6826117038726807
4,444,0.6865674257278442
4,445,0.6896414756774902
4,446,0.7119860053062439
4,447,0.6862581968307495
4,448,0.7005490660667419
4,449,0.6840841770172119
4,450,0.6905045509338379
4,451,0.6997964978218079
4,452,0.7014485597610474
4,453,0.6905983686447144
4,454,0.6890442967414856
4,455,0.6877012252807617
4,456,0.7107468843460083
4,457,0.6841384172439575
4,458,0.696967601776123
4,459,0.6840531826019287
4,460,0.690941572189331
4,461,0.6959160566329956
4,462,0.7180477380752563
4,463,0.7114810943603516
4,464,0.7007578611373901
4,465,0.6972453594207764
4,466,0.6957703232765198
4,467,0.6889594793319702
4,468,0.6883219480514526
4,469,0.6776163578033447
4,470,0.6836185455322266
4,471,0.6890856623649597
4,472,0.6821514964103699
4,473,0.6873252391815186
4,474,0.6875184774398804
4,475,0.6907159090042114
4,476,0.6984823346138
4,477,0.6899803280830383
4,478,0.7079473733901978
4,479,0.7007830739021301
4,480,0.6954566836357117
4,481,0.7065978050231934
4,482,0.6903298497200012
4,483,0.6821209788322449
4,484,0.6948392987251282
4,485,0.6967900991439819
4,486,0.7045595645904541
4,487,0.6880272626876831
4,488,0.6881570816040039
4,489,0.6933261156082153
4,490,0.6841820478439331
4,491,0.6849946975708008
4,492,0.6799951791763306
4,493,0.6900784969329834
4,494,0.6855597496032715
4,495,0.695732593536377
4,496,0.721312403678894
4,497,0.6816616058349609
4,498,0.6889736652374268
4,499,0.6862553358078003
4,500,0.699059009552002
4,501,0.6797869205474854
4,502,0.6934642195701599
4,503,0.6940051317214966
4,504,0.706752359867096
4,505,0.6931115984916687
4,506,0.6702312231063843
4,507,0.6937357187271118
4,508,0.688531756401062
4,509,0.6738995313644409
4,510,0.7052415609359741
4,511,0.7047008275985718
4,512,0.6975840330123901
4,513,0.6787813305854797
4,514,0.701343297958374
4,515,0.7024524211883545
4,516,0.6771141886711121
4,517,0.691964328289032
4,518,0.6822205781936646
4,519,0.6950775980949402
4,520,0.6869486570358276
4,521,0.6770249009132385
4,522,0.6775981783866882
4,523,0.7196085453033447
4,524,0.6915524005889893
4,525,0.6961429119110107
4,526,0.6842185258865356
4,527,0.6873871684074402
4,528,0.6788840293884277
4,529,0.6817049384117126
4,530,0.6746190786361694
4,531,0.6879199147224426
4,532,0.6909509897232056
4,533,0.6724345684051514
4,534,0.7149343490600586
4,535,0.7030035853385925
4,536,0.6905721426010132
4,537,0.7033408880233765
4,538,0.7099345922470093
4,539,0.7029213905334473
4,540,0.6900373697280884
4,541,0.7014763355255127
4,542,0.6973326206207275
4,543,0.6906641125679016
4,544,0.6789603233337402
4,545,0.6810302138328552
4,546,0.6878088712692261
4,547,0.6885113716125488
4,548,0.7035490274429321
4,549,0.6935348510742188
4,550,0.695888102054596
4,551,0.6878229379653931
4,552,0.6895615458488464
4,553,0.688123881816864
4,554,0.6928489804267883
4,555,0.6867920160293579
4,556,0.6915224194526672
4,557,0.6955335140228271
4,558,0.6966632604598999
4,559,0.688927412033081
4,560,0.6992447972297668
4,561,0.6881416440010071
4,562,0.695559024810791
4,563,0.7031254768371582
4,564,0.7087975740432739
4,565,0.6923519968986511
4,566,0.6893336772918701
4,567,0.6973562240600586
4,568,0.6954002380371094
4,569,0.6780028343200684
4,570,0.6970994472503662
4,571,0.6712961792945862
4,572,0.6781356930732727
4,573,0.7061723470687866
4,574,0.6909003257751465
4,575,0.69541335105896
4,576,0.6899940967559814
4,577,0.6927751302719116
4,578,0.6703314781188965
4,579,0.6612544059753418
4,580,0.6947051286697388
4,581,0.7030383348464966
4,582,0.6878905892372131
4,583,0.6931163668632507
4,584,0.6885442733764648
4,585,0.6998034715652466
4,586,0.6862636804580688
4,587,0.6968610286712646
4,588,0.6890696287155151
4,589,0.6845722198486328
4,590,0.7024893164634705
4,591,0.6954638957977295
4,592,0.6894410848617554
4,593,0.7136454582214355
4,594,0.701158881187439
4,595,0.6928020715713501
4,596,0.6785739064216614
4,597,0.694299578666687
4,598,0.6959716081619263
4,599,0.6914308071136475
4,600,0.6839390397071838
4,601,0.6901117563247681
4,602,0.6971856355667114
4,603,0.679820716381073
4,604,0.69517982006073
4,605,0.6906512379646301
4,606,0.6890637874603271
4,607,0.6845440864562988
4,608,0.6778064966201782
4,609,0.6969987154006958
4,610,0.7003120183944702
4,611,0.6780587434768677
4,612,0.6977817416191101
4,613,0.6805608868598938
4,614,0.6876934766769409
4,615,0.6614842414855957
4,616,0.6799669861793518
4,617,0.6810188293457031
4,618,0.6783344149589539
4,619,0.6848745346069336
4,620,0.6760605573654175
4,621,0.7131322026252747
4,622,0.6790130138397217
4,623,0.6953079700469971
4,624,0.713578462600708
4,625,0.6830607652664185
4,626,0.6838260889053345
4,627,0.6835743188858032
4,628,0.695995569229126
4,629,0.6923999786376953
4,630,0.6879592537879944
4,631,0.6819474697113037
4,632,0.6995240449905396
4,633,0.7093580961227417
4,634,0.702928900718689
4,635,0.6973288059234619
4,636,0.7018415927886963
4,637,0.6943836808204651
4,638,0.6892062425613403
4,639,0.7172436714172363
4,640,0.7023588418960571
4,641,0.7040632367134094
4,642,0.7031345367431641
4,643,0.7013439536094666
4,644,0.6940571069717407
4,645,0.6998847723007202
4,646,0.688177227973938
4,647,0.7011023759841919
4,648,0.6940433382987976
4,649,0.7095654010772705
4,650,0.7073369026184082
4,651,0.6695317029953003
4,652,0.6894608736038208
4,653,0.6877477169036865
4,654,0.687497615814209
4,655,0.6908539533615112
4,656,0.6909290552139282
4,657,0.690069317817688
4,658,0.6889970302581787
4,659,0.6936936378479004
4,660,0.710188627243042
4,661,0.6840113997459412
4,662,0.6921079158782959
4,663,0.6842337250709534
4,664,0.6899396181106567
4,665,0.6975128650665283
4,666,0.6797128915786743
4,667,0.6834947466850281
4,668,0.6971625685691833
4,669,0.6840209364891052
4,670,0.7006843090057373
4,671,0.6857278347015381
4,672,0.6936774253845215
4,673,0.7087810039520264
4,674,0.6775951981544495
4,675,0.6945273876190186
4,676,0.701913595199585
4,677,0.711972177028656
4,678,0.7003880739212036
4,679,0.7071994543075562
4,680,0.6943022012710571
4,681,0.7065634727478027
4,682,0.6888689398765564
4,683,0.6688607931137085
4,684,0.6941647529602051
4,685,0.6745301485061646
4,686,0.6670325994491577
4,687,0.6768235564231873
4,688,0.7001016139984131
4,689,0.6973134279251099
4,690,0.6737443208694458
4,691,0.6936179995536804
4,692,0.710809051990509
4,693,0.6698424220085144
4,694,0.6951045393943787
4,695,0.6790229082107544
4,696,0.68919438123703
4,697,0.7086260318756104
4,698,0.7100346088409424
4,699,0.6990193128585815
4,700,0.679396390914917
4,701,0.6624729037284851
4,702,0.6874793767929077
4,703,0.6790660619735718
4,704,0.6757354140281677
4,705,0.6865148544311523
4,706,0.6969856023788452
4,707,0.6954965591430664
4,708,0.6816632151603699
4,709,0.6799148321151733
4,710,0.7013531923294067
4,711,0.6957833766937256
4,712,0.686907172203064
4,713,0.7014846801757812
4,714,0.7101856470108032
4,715,0.70020991563797
4,716,0.6945465803146362
4,717,0.6743260622024536
4,718,0.7194983959197998
4,719,0.6767916679382324
4,720,0.6828030347824097
4,721,0.7052438259124756
4,722,0.6808512210845947
4,723,0.6831375956535339
4,724,0.7149116396903992
4,725,0.6927838325500488
4,726,0.6905649900436401
4,727,0.7097141146659851
4,728,0.687574028968811
4,729,0.6700983047485352
4,730,0.6773571968078613
4,731,0.6815395355224609
4,732,0.701682448387146
4,733,0.7026594281196594
4,734,0.6965888738632202
4,735,0.6830350160598755
4,736,0.6997919678688049
4,737,0.6997058391571045
4,738,0.7045594453811646
4,739,0.6780639886856079
4,740,0.6775805950164795
4,741,0.6783543229103088
4,742,0.685361921787262
4,743,0.677889883518219
4,744,0.6830286979675293
4,745,0.686579704284668
4,746,0.7046908140182495
4,747,0.6763370037078857
4,748,0.6897954940795898
4,749,0.7071715593338013
4,750,0.6723442077636719
4,751,0.6933689713478088
4,752,0.693586528301239
4,753,0.6923568844795227
4,754,0.6886568069458008
4,755,0.7107234597206116
4,756,0.6858264803886414
4,757,0.689268946647644
4,758,0.6854628324508667
4,759,0.6862703561782837
4,760,0.6799702644348145
4,761,0.6805335283279419
4,762,0.6846626996994019
4,763,0.6911161541938782
4,764,0.6902346611022949
4,765,0.6715964078903198
4,766,0.6925041675567627
4,767,0.6940393447875977
4,768,0.6817326545715332
4,769,0.6839250922203064
4,770,0.6890577077865601
4,771,0.7126838564872742
4,772,0.7018271088600159
4,773,0.6978906989097595
4,774,0.6858300566673279
4,775,0.7010603547096252
4,776,0.6934101581573486
4,777,0.6844574213027954
4,778,0.6822433471679688
4,779,0.6795347332954407
4,780,0.6908906698226929
4,781,0.6884651184082031
4,782,0.6651151776313782
5,1,0.6635690927505493
5,2,0.7062522768974304
5,3,0.6886027455329895
5,4,0.6974513530731201
5,5,0.7017313241958618
5,6,0.7010515928268433
5,7,0.7012908458709717
5,8,0.7011213302612305
5,9,0.7173423767089844
5,10,0.7045401334762573
5,11,0.6826406717300415
5,12,0.6935571432113647
5,13,0.701932966709137
5,14,0.6952053904533386
5,15,0.6838667392730713
5,16,0.6971940398216248
5,17,0.703993558883667
5,18,0.6822745203971863
5,19,0.6856675148010254
5,20,0.7101503610610962
5,21,0.7041909694671631
5,22,0.6676018238067627
5,23,0.673994243144989
5,24,0.6855136156082153
5,25,0.6592494249343872
5,26,0.7127630710601807
5,27,0.6947334408760071
5,28,0.681817352771759
5,29,0.6917080879211426
5,30,0.7036495208740234
5,31,0.6774779558181763
5,32,0.7076050043106079
5,33,0.6846060156822205
5,34,0.7062904238700867
5,35,0.70176100730896
5,36,0.691108226776123
5,37,0.7032102346420288
5,38,0.681084394454956
5,39,0.6796718835830688
5,40,0.7123422622680664
5,41,0.6782392263412476
5,42,0.7123310565948486
5,43,0.7103151082992554
5,44,0.6889294981956482
5,45,0.6950497627258301
5,46,0.6739425659179688
5,47,0.7140084505081177
5,48,0.7032986879348755
5,49,0.6979790925979614
5,50,0.7157961130142212
5,51,0.6989622712135315
5,52,0.7078753709793091
5,53,0.6869255900382996
5,54,0.680909276008606
5,55,0.6834810376167297
5,56,0.7073742151260376
5,57,0.6784142255783081
5,58,0.7039585709571838
5,59,0.6932468414306641
5,60,0.6837978363037109
5,61,0.6737667322158813
5,62,0.7074239253997803
5,63,0.6668261885643005
5,64,0.6788334250450134
5,65,0.6782369017601013
5,66,0.7036731243133545
5,67,0.6954245567321777
5,68,0.6926560997962952
5,69,0.6865243911743164
5,70,0.7097506523132324
5,71,0.6950729489326477
5,72,0.6744316816329956
5,73,0.6878951191902161
5,74,0.6871817111968994
5,75,0.6954523921012878
5,76,0.6862055063247681
5,77,0.6919490098953247
5,78,0.683361291885376
5,79,0.6824909448623657
5,80,0.7001022100448608
5,81,0.6926863789558411
5,82,0.7072048187255859
5,83,0.6781500577926636
5,84,0.682640552520752
5,85,0.6854809522628784
5,86,0.6737593412399292
5,87,0.6999362111091614
5,88,0.7003514170646667
5,89,0.6949902176856995
5,90,0.6860975027084351
5,91,0.6845461130142212
5,92,0.6872727870941162
5,93,0.7025068998336792
5,94,0.6776270270347595
5,95,0.7007179260253906
5,96,0.6918231248855591
5,97,0.6665501594543457
5,98,0.7120593190193176
5,99,0.6858140230178833
5,100,0.6816024780273438
5,101,0.6759089231491089
5,102,0.6951069235801697
5,103,0.6990363597869873
5,104,0.6957864761352539
5,105,0.6860705614089966
5,106,0.6905490159988403
5,107,0.6789524555206299
5,108,0.6885752081871033
5,109,0.68476402759552
5,110,0.6929240226745605
5,111,0.706865668296814
5,112,0.688482940196991
5,113,0.6984764337539673
5,114,0.6886016130447388
5,115,0.7055512070655823
5,116,0.6963104605674744
5,117,0.6922980546951294
5,118,0.6853810548782349
5,119,0.6787551045417786
5,120,0.687645673751831
5,121,0.6882808804512024
5,122,0.7069670557975769
5,123,0.6969888806343079
5,124,0.6924088001251221
5,125,0.6857810020446777
5,126,0.7095848321914673
5,127,0.7096743583679199
5,128,0.681065022945404
5,129,0.6843960881233215
5,130,0.6795856952667236
5,131,0.6730767488479614
5,132,0.6864771842956543
5,133,0.6910425424575806
5,134,0.7108917236328125
5,135,0.6977112889289856
5,136,0.674354076385498
5,137,0.7012296915054321
5,138,0.6840539574623108
5,139,0.7022490501403809
5,140,0.6854681968688965
5,141,0.6844764947891235
5,142,0.7025019526481628
5,143,0.6943831443786621
5,144,0.6919668316841125
5,145,0.6762434840202332
5,146,0.7084707021713257
5,147,0.6897114515304565
5,148,0.6796640753746033
5,149,0.7044897079467773
5,150,0.6765460968017578
5,151,0.7147922515869141
5,152,0.6990870237350464
5,153,0.6770179271697998
5,154,0.6779749989509583
5,155,0.6802749037742615
5,156,0.6863836050033569
5,157,0.6900352239608765
5,158,0.6623005867004395
5,159,0.6791965365409851
5,160,0.686059832572937
5,161,0.681554913520813
5,162,0.6950744390487671
5,163,0.6915463209152222
5,164,0.6981716752052307
5,165,0.6768229007720947
5,166,0.7042036056518555
5,167,0.6892682909965515
5,168,0.6779299974441528
5,169,0.6972415447235107
5,170,0.7018699645996094
5,171,0.6987764239311218
5,172,0.6797427535057068
5,173,0.7072760462760925
5,174,0.6760005354881287
5,175,0.6890919804573059
5,176,0.6801053881645203
5,177,0.683487057685852
5,178,0.6794070601463318
5,179,0.7009652853012085
5,180,0.6864106059074402
5,181,0.6840392351150513
5,182,0.6941368579864502
5,183,0.6730343103408813
5,184,0.6946805119514465
5,185,0.6934852004051208
5,186,0.705302357673645
5,187,0.7066004872322083
5,188,0.6964022517204285
5,189,0.6773995161056519
5,190,0.6988112330436707
5,191,0.7071860432624817
5,192,0.6643565893173218
5,193,0.6939013004302979
5,194,0.7115206718444824
5,195,0.6877082586288452
5,196,0.7053820490837097
5,197,0.685382604598999
5,198,0.6885991096496582
5,199,0.6861691474914551
5,200,0.707590639591217
5,201,0.6768035292625427
5,202,0.7003841996192932
5,203,0.690487802028656
5,204,0.6936100125312805
5,205,0.6997801065444946
5,206,0.6904810667037964
5,207,0.7144365310668945
5,208,0.6948069334030151
5,209,0.696729838848114
5,210,0.6686846017837524
5,211,0.6834558248519897
5,212,0.6936327219009399
5,213,0.6922736763954163
5,214,0.7088120579719543
5,215,0.677158772945404
5,216,0.7061331272125244
5,217,0.6935024261474609
5,218,0.6944929957389832
5,219,0.6779128909111023
5,220,0.6827003955841064
5,221,0.6944816708564758
5,222,0.6809831261634827
5,223,0.6917490363121033
5,224,0.6753900051116943
5,225,0.7072790861129761
5,226,0.7008305788040161
5,227,0.6729370951652527
5,228,0.7018367052078247
5,229,0.6787494421005249
5,230,0.6947912573814392
5,231,0.6929203271865845
5,232,0.6983067393302917
5,233,0.6874488592147827
5,234,0.7122629880905151
5,235,0.6904259920120239
5,236,0.6770241260528564
5,237,0.6914785504341125
5,238,0.6790240406990051
5,239,0.7059212327003479
5,240,0.6923983097076416
5,241,0.6898139715194702
5,242,0.707186222076416
5,243,0.6962591409683228
5,244,0.6790489554405212
5,245,0.6923614740371704
5,246,0.6989161968231201
5,247,0.714533269405365
5,248,0.7058669924736023
5,249,0.6837445497512817
5,250,0.6927305459976196
5,251,0.6925051212310791
5,252,0.6776918768882751
5,253,0.6826590299606323
5,254,0.6876775622367859
5,255,0.7023543119430542
5,256,0.6866468787193298
5,257,0.7114700078964233
5,258,0.6727997660636902
5,259,0.6989630460739136
5,260,0.6995648741722107
5,261,0.6931953430175781
5,262,0.6852281093597412
5,263,0.693977952003479
5,264,0.6842726469039917
5,265,0.6611011028289795
5,266,0.692945122718811
5,267,0.7053466439247131
5,268,0.7085691690444946
5,269,0.6672205328941345
5,270,0.6989284753799438
5,271,0.7031158804893494
5,272,0.6882088780403137
5,273,0.7026835680007935
5,274,0.6746565699577332
5,275,0.6839224100112915
5,276,0.7015994787216187
5,277,0.7037054300308228
5,278,0.7062280178070068
5,279,0.6880290508270264
5,280,0.6950961351394653
5,281,0.6971396207809448
5,282,0.697138249874115
5,283,0.6901994347572327
5,284,0.7147318124771118
5,285,0.6837399005889893
5,286,0.6735116243362427
5,287,0.6763359308242798
5,288,0.6836240291595459
5,289,0.6809709668159485
5,290,0.6915306448936462
5,291,0.7106641530990601
5,292,0.6803198456764221
5,293,0.704857349395752
5,294,0.6990557909011841
5,295,0.7086807489395142
5,296,0.6985329389572144
5,297,0.6902370452880859
5,298,0.7052844166755676
5,299,0.6762742400169373
5,300,0.7016875147819519
5,301,0.6946299076080322
5,302,0.6795787811279297
5,303,0.6772342920303345
5,304,0.6798572540283203
5,305,0.6618202924728394
5,306,0.672994077205658
5,307,0.6837896704673767
5,308,0.7004718780517578
5,309,0.69242924451828
5,310,0.6817306280136108
5,311,0.6898617744445801
5,312,0.6683062314987183
5,313,0.6897348165512085
5,314,0.6853087544441223
5,315,0.684274435043335
5,316,0.6911868453025818
5,317,0.6885908842086792
5,318,0.7081875801086426
5,319,0.7156511545181274
5,320,0.6933432817459106
5,321,0.7001348733901978
5,322,0.7084435224533081
5,323,0.6922428607940674
5,324,0.6811889410018921
5,325,0.6799831390380859
5,326,0.6677815914154053
5,327,0.6903972029685974
5,328,0.679874837398529
5,329,0.7032279968261719
5,330,0.6899850964546204
5,331,0.7067368030548096
5,332,0.6991746425628662
5,333,0.704535961151123
5,334,0.6988879442214966
5,335,0.6922855377197266
5,336,0.6745051741600037
5,337,0.6845953464508057
5,338,0.6985870599746704
5,339,0.6910470724105835
5,340,0.6880948543548584
5,341,0.6622677445411682
5,342,0.6921818852424622
5,343,0.6694764494895935
5,344,0.6831903457641602
5,345,0.6806055903434753
5,346,0.6845481395721436
5,347,0.6905505657196045
5,348,0.7049009799957275
5,349,0.6987165212631226
5,350,0.6826452612876892
5,351,0.6802507638931274
5,352,0.6702667474746704
5,353,0.6812793016433716
5,354,0.6854584217071533
5,355,0.6977381706237793
5,356,0.671395480632782
5,357,0.6878759264945984
5,358,0.6953125
5,359,0.6817476749420166
5,360,0.6907540559768677
5,361,0.6953401565551758
5,362,0.692466139793396
5,363,0.7027322053909302
5,364,0.6918588876724243
5,365,0.7014678716659546
5,366,0.6998679637908936
5,367,0.6857390403747559
5,368,0.6855431199073792
5,369,0.7127810716629028
5,370,0.6756107807159424
5,371,0.6825844645500183
5,372,0.6944394111633301
5,373,0.7182399034500122
5,374,0.7100160121917725
5,375,0.6865552067756653
5,376,0.6866286993026733
5,377,0.6926848888397217
5,378,0.6684980392456055
5,379,0.6843804121017456
5,380,0.687497079372406
5,381,0.7074912190437317
5,382,0.6830686330795288
5,383,0.6948810815811157
5,384,0.7023029327392578
5,385,0.7049734592437744
5,386,0.6877851486206055
5,387,0.6925884485244751
5,388,0.6798970699310303
5,389,0.6952270269393921
5,390,0.6743414402008057
5,391,0.6740188598632812
5,392,0.6792349219322205
5,393,0.6714451909065247
5,394,0.7116155028343201
5,395,0.6883148550987244
5,396,0.6867979764938354
5,397,0.6788028478622437
5,398,0.668864905834198
5,399,0.6956843733787537
5,400,0.689866304397583
5,401,0.6972817182540894
5,402,0.7014948725700378
5,403,0.6796369552612305
5,404,0.6913142204284668
5,405,0.6761683821678162
5,406,0.7071595191955566
5,407,0.6806857585906982
5,408,0.7128289341926575
5,409,0.7100215554237366
5,410,0.6960204243659973
5,411,0.7093257904052734
5,412,0.6881277561187744
5,413,0.6977591514587402
5,414,0.6822227239608765
5,415,0.6831367611885071
5,416,0.6913514733314514
5,417,0.6818090677261353
5,418,0.6767661571502686
5,419,0.6955258250236511
5,420,0.6929374933242798
5,421,0.6851704120635986
5,422,0.6944880485534668
5,423,0.6802623271942139
5,424,0.6889809370040894
5,425,0.6938952803611755
5,426,0.6656901836395264
5,427,0.692825436592102
5,428,0.6871567964553833
5,429,0.6757693290710449
5,430,0.7167723178863525
5,431,0.6977159976959229
5,432,0.6926128268241882
5,433,0.6699279546737671
5,434,0.7079343199729919
5,435,0.684924840927124
5,436,0.6844216585159302
5,437,0.6863043308258057
5,438,0.6900763511657715
5,439,0.6771281957626343
5,440,0.6738148927688599
5,441,0.6961151361465454
5,442,0.6842155456542969
5,443,0.697887659072876
5,444,0.669552206993103
5,445,0.6891527771949768
5,446,0.6973553895950317
5,447,0.7124304175376892
5,448,0.720022439956665
5,449,0.7095516920089722
5,450,0.7038934230804443
5,451,0.6801254749298096
5,452,0.702466607093811
5,453,0.6760432720184326
5,454,0.6945769786834717
5,455,0.6935140490531921
5,456,0.6985495686531067
5,457,0.6917277574539185
5,458,0.6998612880706787
5,459,0.6758099794387817
5,460,0.6915255784988403
5,461,0.6946466565132141
5,462,0.6788913011550903
5,463,0.6909521818161011
5,464,0.7050981521606445
5,465,0.6863058805465698
5,466,0.7149711847305298
5,467,0.7086964249610901
5,468,0.6862555742263794
5,469,0.6911324262619019
5,470,0.6992377042770386
5,471,0.6801916360855103
5,472,0.6864979863166809
5,473,0.7042147517204285
5,474,0.7037097811698914
5,475,0.7068217992782593
5,476,0.6836540699005127
5,477,0.6872609257698059
5,478,0.679669976234436
5,479,0.7043108940124512
5,480,0.6963375806808472
5,481,0.6953429579734802
5,482,0.6935588717460632
5,483,0.6836735606193542
5,484,0.6888198852539062
5,485,0.6981745362281799
5,486,0.683306097984314
5,487,0.6618509888648987
5,488,0.686287522315979
5,489,0.6853054761886597
5,490,0.6946598291397095
5,491,0.6825755834579468
5,492,0.7133020162582397
5,493,0.6906642913818359
5,494,0.6838883757591248
5,495,0.6775428056716919
5,496,0.6854985952377319
5,497,0.7088807821273804
5,498,0.6888686418533325
5,499,0.683026909828186
5,500,0.6869383454322815
5,501,0.6854606866836548
5,502,0.683073878288269
5,503,0.68724125623703
5,504,0.7044212818145752
5,505,0.6924542784690857
5,506,0.6866688132286072
5,507,0.7079172134399414
5,508,0.7034404277801514
5,509,0.6906375885009766
5,510,0.7071797847747803
5,511,0.7115174531936646
5,512,0.7008194923400879
5,513,0.6937773823738098
5,514,0.6983060836791992
5,515,0.693234384059906
5,516,0.7091390490531921
5,517,0.6753450632095337
5,518,0.6726914048194885
5,519,0.6861908435821533
5,520,0.688703715801239
5,521,0.690658450126648
5,522,0.6838316917419434
5,523,0.7002838253974915
5,524,0.6811673641204834
5,525,0.6852404475212097
5,526,0.6811094284057617
5,527,0.6840329170227051
5,528,0.7005892992019653
5,529,0.7020459771156311
5,530,0.6928994655609131
5,531,0.6962991952896118
5,532,0.7132472991943359
5,533,0.6965787410736084
5,534,0.688677191734314
5,535,0.6758068799972534
5,536,0.7034248113632202
5,537,0.7271504402160645
5,538,0.6864216923713684
5,539,0.6715008020401001
5,540,0.6851693391799927
5,541,0.704643726348877
5,542,0.677147626876831
5,543,0.6911523342132568
5,544,0.6809197068214417
5,545,0.6711412668228149
5,546,0.6921356916427612
5,547,0.6860693693161011
5,548,0.6920236945152283
5,549,0.7145082950592041
5,550,0.7064346075057983
5,551,0.6844455003738403
5,552,0.7167151570320129
5,553,0.6946399807929993
5,554,0.6824272871017456
5,555,0.69777512550354
5,556,0.7027981281280518
5,557,0.707791805267334
5,558,0.6952283382415771
5,559,0.6843274831771851
5,560,0.6976854801177979
5,561,0.6952476501464844
5,562,0.6929872035980225
5,563,0.6765939593315125
5,564,0.7058945298194885
5,565,0.6980493068695068
5,566,0.7059823274612427
5,567,0.7082496285438538
5,568,0.7050629258155823
5,569,0.6672178506851196
5,570,0.7087380886077881
5,571,0.6881495118141174
5,572,0.7165855765342712
5,573,0.6940048933029175
5,574,0.6901718974113464
5,575,0.6932395696640015
5,576,0.6955555081367493
5,577,0.694819986820221
5,578,0.6790772676467896
5,579,0.7178201675415039
5,580,0.6912521123886108
5,581,0.7015776634216309
5,582,0.6903272271156311
5,583,0.7208505272865295
5,584,0.688339352607727
5,585,0.7058665156364441
5,586,0.6875516772270203
5,587,0.7033241391181946
5,588,0.6775051951408386
5,589,0.7109798192977905
5,590,0.6870217323303223
5,591,0.6879860758781433
5,592,0.680338978767395
5,593,0.7114390730857849
5,594,0.6795052289962769
5,595,0.7028406262397766
5,596,0.6988470554351807
5,597,0.6990211009979248
5,598,0.6895772218704224
5,599,0.7012250423431396
5,600,0.6751735210418701
5,601,0.6799770593643188
5,602,0.693427562713623
5,603,0.7144120931625366
5,604,0.6911075711250305
5,605,0.6749564409255981
5,606,0.6932534575462341
5,607,0.6900031566619873
5,608,0.6968101263046265
5,609,0.7157859206199646
5,610,0.703707218170166
5,611,0.6938759684562683
5,612,0.7075417041778564
5,613,0.7027750611305237
5,614,0.7139507532119751
5,615,0.7011368274688721
5,616,0.6795541644096375
5,617,0.6880474090576172
5,618,0.6739571690559387
5,619,0.662422239780426
5,620,0.6936143636703491
5,621,0.6951632499694824
5,622,0.694790244102478
5,623,0.7024110555648804
5,624,0.6897673010826111
5,625,0.6899209022521973
5,626,0.6953364610671997
5,627,0.6881005764007568
5,628,0.6943538188934326
5,629,0.6868253350257874
5,630,0.6810008883476257
5,631,0.6973829865455627
5,632,0.7096089124679565
5,633,0.6914465427398682
5,634,0.6733874082565308
5,635,0.6717204451560974
5,636,0.696266233921051
5,637,0.6783586740493774
5,638,0.669061541557312
5,639,0.6750466227531433
5,640,0.6906484365463257
5,641,0.6977311372756958
5,642,0.6994308829307556
5,643,0.6958447694778442
5,644,0.6807370781898499
5,645,0.7125227451324463
5,646,0.6966184377670288
5,647,0.668523371219635
5,648,0.6909131407737732
5,649,0.6928412318229675
5,650,0.7294418215751648
5,651,0.7005526423454285
5,652,0.6798382997512817
5,653,0.6942424178123474
5,654,0.6851954460144043
5,655,0.6945686936378479
5,656,0.6908242702484131
5,657,0.6863886117935181
5,658,0.7017073631286621
5,659,0.700545072555542
5,660,0.6949741244316101
5,661,0.7134455442428589
5,662,0.7269364595413208
5,663,0.6964420676231384
5,664,0.7061560153961182
5,665,0.6903420090675354
5,666,0.6900718212127686
5,667,0.6938573122024536
5,668,0.690971851348877
5,669,0.7025336623191833
5,670,0.6715819239616394
5,671,0.6850787997245789
5,672,0.6892917156219482
5,673,0.706328272819519
5,674,0.6958645582199097
5,675,0.6830913424491882
5,676,0.695852518081665
5,677,0.6736032962799072
5,678,0.7084380388259888
5,679,0.7208479642868042
5,680,0.6808931231498718
5,681,0.6921025514602661
5,682,0.6838763356208801
5,683,0.69931560754776
5,684,0.679313063621521
5,685,0.6801031231880188
5,686,0.6895849108695984
5,687,0.6706111431121826
5,688,0.6916027069091797
5,689,0.6882984638214111
5,690,0.6896358132362366
5,691,0.6927511692047119
5,692,0.7037932276725769
5,693,0.6787918210029602
5,694,0.7114072442054749
5,695,0.6901170015335083
5,696,0.6981649398803711
5,697,0.6843342781066895
5,698,0.6916161775588989
5,699,0.6812357306480408
5,700,0.6985308527946472
5,701,0.6945005059242249
5,702,0.679429292678833
5,703,0.7006056308746338
5,704,0.6788891553878784
5,705,0.6877910494804382
5,706,0.6923204064369202
5,707,0.7067712545394897
5,708,0.6695325970649719
5,709,0.6824509501457214
5,710,0.6910916566848755
5,711,0.6823651194572449
5,712,0.6885778307914734
5,713,0.6877869963645935
5,714,0.7039293646812439
5,715,0.7073607444763184
5,716,0.7053022384643555
5,717,0.717348039150238
5,718,0.6818251609802246
5,719,0.6936558485031128
5,720,0.7065801024436951
5,721,0.6994635462760925
5,722,0.6660667657852173
5,723,0.7078238725662231
5,724,0.7064992189407349
5,725,0.6975544691085815
5,726,0.6818770170211792
5,727,0.6967725157737732
5,728,0.697204053401947
5,729,0.6975668668746948
5,730,0.7002912759780884
5,731,0.7015228271484375
5,732,0.7001086473464966
5,733,0.6814764142036438
5,734,0.6983271837234497
5,735,0.7003939151763916
5,736,0.7035244703292847
5,737,0.681887149810791
5,738,0.7073598504066467
5,739,0.694271445274353
5,740,0.7030265927314758
5,741,0.6862962245941162
5,742,0.6860561966896057
5,743,0.7059950828552246
5,744,0.6894411444664001
5,745,0.6844365000724792
5,746,0.6823278665542603
5,747,0.6936945915222168
5,748,0.6770103573799133
5,749,0.7085094451904297
5,750,0.7054429650306702
5,751,0.6844480037689209
5,752,0.6937429904937744
5,753,0.6951023936271667
5,754,0.7130844593048096
5,755,0.6953017711639404
5,756,0.6958562135696411
5,757,0.682653546333313
5,758,0.6844093203544617
5,759,0.6991161108016968
5,760,0.6736500859260559
5,761,0.6848487854003906
5,762,0.6853659749031067
5,763,0.7036040425300598
5,764,0.6858771443367004
5,765,0.6752505302429199
5,766,0.687610387802124
5,767,0.6907494068145752
5,768,0.692754864692688
5,769,0.6906933784484863
5,770,0.6903639435768127
5,771,0.6785372495651245
5,772,0.6772556900978088
5,773,0.6789053678512573
5,774,0.6687188744544983
5,775,0.6960767507553101
5,776,0.6891351342201233
5,777,0.6825234889984131
5,778,0.6868871450424194
5,779,0.6905228495597839
5,780,0.691815197467804
5,781,0.6978999376296997
5,782,0.7499548196792603
